#,Module,คำถาม (ลูกค้าแจ้ง),คำตอบ (มาตรฐาน)
1,Admitล่วงหน้า,ออเดอร์ที่ทำไปไม่ขึ้นแบบต้องกดรีเฟรชหลายๆรอบหรือเปิดแล้วปิดใหม่ถึงจะขึ้นอะ,เนื่องจากบางครั้งปัญหาการแสดงผลของระบบอาจเกิดจากข้อมูลเก่าที่ถูกเก็บไว้ในแคชของเบราว์เซอร์ซึ่งการเคลียร์แคชช่วยให้โหลดข้อมูลล่าสุดจากระบบได้คะ
2,Admitล่วงหน้า,ไม่สามารถกดย้อนกลับได้แจ้งเตือนให้มีอาการส่งคำสั่งตลอด,กดส่วนนี้ได้เลยค่ะเนื่องจากมีการส่งออเดอร์แพทย์แล้ว
3,Admitล่วงหน้า,เรื่องการสั่งlabถ้าทำadmitล่วงหน้าสั่งlabแบบระหว่างรายการlabหรือสั่งlabล่วงหน้า,สามารถสั่งเป็นรายการlabเลยนะค่ะ หากต้องการสั่งวันนี้หากยังไม่ตรวจlabวันนี้จึงจะใช้เป็นlabล่วงหน้า
4,Admitล่วงหน้า,ถ้ามีการแก้ไขorderกดส่งคำสั่งแพทย์ซ้ำระบบจะsaveอันใหม่ล่าสุดหรือsaveทั้งอันใหม่อันเก่า,saveอันใหม่ล่าสุดค่ะ
5,Admitล่วงหน้า,พยาบาลสามารถใช้โหมดห้องทำงานแพทย์แล้วดึงใบorderล่วงหน้าเองหรือต้อกดตรงรคส.preorderไว้,พยาบาลสามารถดึงข้อมูลเช่นเดียวกันได้ค่ะ หากผู้ป่วยเกิดANแล้ว
6,Admitล่วงหน้า,"กรณีคนไข้ทำ หัตถการที่ ER และPlan DC หลังทำหัตถการER บันทึกสัญญาณชีพในใบrecord (กระดาษ)แต่หลังทำหัตถการ แพทย์ให้ Admit
เลยจำเป็นต้องลอก ใบRecord ในกระดาษ มาลงใน Paperless",เบื้องต้นถ้าผู้ป่วยยังไม่เข้า Admit ยังเป็น OPD หน้าเก็บ V/S ยังไม่มีแต่ถ้ามีความประสงค์ต้องการแนบเอกสารสามารถแนบที่หมวดเอกสารอื่นๆได้ทั้งนี้ต้องสอบถามกับเจ้าหน้าที่เวชระเบียนก่อนค่ะว่าเข้าไว้ตรงนี้ได้หรือไม่ แต่ถ้า Admit จะมีหน้ารองรับ V/S สามารถคีร์ข้อมูลลงไปหรือสแกนอัปโหลดเข้าไปได้โดยตั้งชื่อเอกสารตามหัวเรื่องได้ค่ะโดยไม่ต้องคีร์ซ้ำซ้อน
7,Admitล่วงหน้า,อยากจะเจ้าหน้าที่ neo remote สอน admit ได้ไหม,รับทราบค่ะ แจ้งทีมอบรมติดต่อไปนะค่ะ
8,Admitล่วงหน้า,"เมนู Admit ล่วงหน้า อยากให้สามารถเลือก visit ที่ต้องการดึงมาทำ Admit ได้
อยากให้เพิ่มหน้าเลือก visit ในหน้า Admit ล่วงหน้าของแพทย์ บางเคสมาตรวจ 2 visit ในวันเดียวกัน ปัญหาเคสที่เจอคือ แพทย์ต้องการลงข้อมูล บันทึกประวัติผู้ป่วย Admission Note (1) ในช่อง Chief complaint มีการดึงข้อมูล visit ล่าสุดมา ถ้าคนไข้มารับบริการล่าสุดเป็นคลินิกหรือห้องตรวจอื่น ข้อมูล Chief complaint หมอต้องมาพิมพ์เพิ่มใหม่เอง
แพทย์มองว่า การที่ระบบดึงข้อมูล Chief complaint ค่อนข้าวสะดวกเลย เพราะบางคนประวัติยาวมาก พิมพ์หรือสรุปใหม่ก็ใช้เวลา ถ้าเลือก visit ให้ดึงได้เลยก็น่าจะช่วยได้เยอะ มาครั้งที่ 1 9.00 ไม่ได้ admit
มาครั้งที่ 2 13.00 ถ้าอยู่แผนกเดียวกันก็ใช้ visit 13.00 ได้ แต่ถ้าครั้งที่ 2 มาแผนกแพทย์แผนไทยหรือแผนกกายภาพ ข้อมูล Chief complaint ไม่ต่อเนื่องกัน แพทย์จะต้องไปคัดลอก Chief complaint มาเสริมอีกที","ส่วนนี้เป็นเพียงการลงข้อมูล hn นะค่ะ เนื่องจากหน้าที่ต้องเลือก visit มีอยู่ที่หน้าลงทะเบียนผู้ป่วยแล้ว ในหน้าการทำงาน หน้า Admit ล่วงหน้า ไม่มีเลือก visit เนื่องจากโดยปกติหากมีเขียน และลงทะเบียนเพื่อเกิด AN หน้าลงทะเบียนจะแสดง ข้อความ อีกครั้ง จะนำเข้า admit ล่วงหน้าหรือไม่ ส่วนนี้ทางทีมแนะนำบันทึก Admission Note (1) หลังจากเกิด AN มีการเลือก visit แล้ว
เนื่องจากการเพิ่ม เลือก visit หน้า admitล่วงหน้าจะต้องเป็นการเขียนเพิ่มดึงข้อมูลใหม่ซึ่งจะต้องตรวจสอบกับโครงสร้างหน้าการทำงานส่วนนี้"
9,ALL,ตอนนี้ห้องฉุกเฉินใช้งาน neo hos ไม่ได้,รบกวนปุ่ม Ctrl+F5 Refresh Chrome หรือ เคลียร์แคชอีกครั้งค่ะ
10,ALL,ขออนุญาต notebook เข้าใช้งานไม่ได้,รบกวนปุ่ม Ctrl+F5 Refresh Chrome หรือ เคลียร์แคชอีกครั้งค่ะ
11,ALL,วันนี้ Login มันเปลี่ยนเองได้ ทำงานอยู่ แค่เปลี่ยนเพจในรายเดิม ก็ไปเป็นLogin ชื่ออื่น,รบกวนปุ่ม Ctrl+F5 Refresh Chrome หรือ เคลียร์แคชอีกครั้งค่ะ
12,ALL,"ตอนนี้ทุกคนสามารถเข้าทำงานหรือแก้ไขของใครก็ได้หมดเลย ซึ่งมันไม่ปลอดภัยสำหรับข้อมูล ต้องจำกัด สิทธิการเข้าถึง เช่น แพทย์เข้าแค่ห้องทำงานแทพย์ IPD,ER ,OPD โปรแกรม Hosxp แยกจะไม่สามารถเข้าไปทำงานของแผนกอื่นๆได้",ส่วนนี้ได้อยู่ในแผนพัฒนาระบบเรียบร้อยแล้วค่ะเมื่อแล้วเสร็จทีมจะแจ้งอัปเดตให้ทราบอีกครั้งค่ะ
13,ALL,โปรแกรมหลุด ค้างบ่อย เกิดจากอะไร เน็ตที่บ้านก็ค้าง,"สาเหตุที่เคยพบเบื้องต้นสเปกเครื่องไม่เพียงพอ: RAM น้อย, CPU ใช้งานสูง
เปิดโปรแกรมหลายตัวพร้อมกัน: ใช้ทรัพยากรเกิน
อินเทอร์เน็ตไม่เสถียร: การเชื่อม API
มีไวรัสหรือ malware: ทำให้เครื่องช้าหรือโปรแกรมทำงานผิดพลาด
ระบบปฏิบัติการไม่ได้อัปเดต: เช่น Windows ยังเป็นเวอร์ชันเก่า"
14,ALL,"ตรวจสอบความผิดพลาดคร้า การทำ d/c คนไข้พอทำ discharge summary ชื่อคนไข้ที่กลับบ้านหายไปทั้งหมดเรียกกลับมาไม่ได้คร้าและค้นหาไม่เจอในคนไข้ d/c คร้า
ขออนุญาตสรุปปัญหาที่เจอวันนี้
1. บันทึกใบ summary แล้วชื่อผู้ป่วยหายไปจากหน้าหลัก ต้องเข้า hosxp เพื่อไปยกเลิกจำหน่าย ทั้งๆที่ยังไม่ได้จำหน่ายคนไข้ออกจากนีโอ
2. ผู้ป่วย จำหน่ายแล้ว ไม่ขึ้นในหน้าผู้ป่วยจำหน่ายแล้ว (ที่ต้องคีย์ AN/HN ) แต่ต้องเลือกผู้ป่วยยังไม่ได้จำหน่าย ถึงจะเจอชื่อผู้ป่วย
ก่อนหน้าที่อัพระบบเมื่อวาน ถ้าใส่ตรงนี้ คนไข้จะยังอยู่ คนไข้จะออกเมื่อเราเข้าหน้า D/C แล้ว คือต่อจากนี้ไม่ต้องเข้า หน้า D/C เหมือนเมิ่อก่อนที่จะอัพระบบแล้วถูก แค่บันทึกใบ summary ก็พอ ถูก ของเราพยาบาลในตึกจะบันทึกให้ขึ้นในเวชระเบียนก่อน แล้วแพทย์จะเข้าไปลงแก้ไขอีกครั้งในเรื่องชื่อโรคและหัตถการ ที่ทำมาตลอดก่อนอัพระบบเมื่อวาน ก่อนหน้านี้ทำมาตลอดเพื่อให้มีเอกสารขึ้นให้ครบในเวชระเบียนก่อนชาร์ทคนไข้ออกจากตึก แต่ไม่เคยมีปัญหาหาคนไข้ไม่เจออย่างวันนี้เลย ก่อนหน้านี้พอบันทึกปุบ ชื่อคนไข้ก็ยังคงอยู่ ไม่ได้ D/C เลย เราเลยต้องไปกด D/C อีกหน้าหนึ่งอีกครั้ง",แนะนำให้ลงทีหลัง เพราะจะได้ไม่ต้องเลือกสถานะการจำหน่ายหลายรอบ เพราะถ้า discharge ไปก่อนวันที่ เวลา และสถานะจะถูกดึงมาให้อยู่แล้ว
15,ALL,เคสนี้ใน hosxp ไม่มี popup นี้แล้ว แต่ใน neo มี,แก้ไขเรียบร้อย
16,ALL,ถ้าจะเพิ่มจำนวนเลขเตียงของ wardได้ เพราะตอนนี้มีเตียงแทรก,ส่วนนี้สามารถเพิ่มได้ค่ะ จะต้องเป็นเจ้าหน้าที่ไอทีของรพ.เพิ่มให้นะคะ
17,ALL,ขออนุญาต นีโอมีการอัฟเดฟอะไร มีข้อมูลเด้งมาทุกหน่วยงาน ซึ่งคนไข้ไม่ได้ admit ที่หน่วยงาน,แจ้งเตือนส่วนนี้จะแสดงทุกหน่วยงาน จะยังไม่สามารถปิดแจ้งเตือนได้
18,ALL,ขึ้นรายการผู้ป่วยเกินวงเงิน แต่ไม่ใช่คนไข้ที่ตึก,แจ้งเตือนส่วนนี้จะแสดงทุกหน่วยงาน จะยังไม่สามารถปิดแจ้งเตือนได้
19,ALL,ทุกอย่างแปลไทย อ่านไทย,เจ้าหน้าที่ไม่ต้องกดแปลภาษานะ จะต้องเป็นภาษาอังกฤษ
20,ALL,สอบถามทีมพัฒนาหน่อย neohos ได้ใช้ รีเวิสพอกซี่หรือป่าวโอเค ไม่ใช่พอดี ผมรีเวิส ssl ไม่ได้,ระบบได้ใช้ Apache Tomcat เพื่อรันแอปพลิเคชัน Java โดยเฉพาะค่ะ
21,ALL,คำดูแปลกๆ,จะต้องไม่กดแปลภาษา นะ
22,ALL,พอดีมีเคสหญิงหลังคลอดและทารก Refer ทำใบ Refer มาแล้วแต่ใบประเมินระหว่างส่งต่อไม่มี พอกดปริ้นเจอหน้าจอว่างเปล่า,ขออภัย ทาง Neo ไม่สามารถรีโมทตรวจสอบที่โปรแกรม Hosxpได้
23,ALL,รายการยาไม่ขึ้น นีโอตรวจสอบแต่ตรงพิมพ์ใบมามีรายการขึ้นปกติ แต่ไม่มีรายการให้จ่าย,หากต้องการแก้ไขรายการยา/ใช้จ่าย จำเป็นต้องยกเลิกD/Cก่อนนะ และแก้ไขข้อมูลใหม่อีกครั้ง
24,ALL,ลบ AN 670001475 ออกจากระบบ หมอplan admit แต่คนไข้ปฏิเสธนอน,ส่งคู่มือธีตั้งกลุ่มยกเลิก AN และวิธียกเลิก AN
25,ALL,การเพิ่มลายเซ็นในneo สามารถแจ้งได้ทางบ้าง,สามารถแจ้งไอทีของรพ.เพิ่มให้ได้เลย
26,ALL,ตึกชายมีปัญหา Neohos เด้งออกจาหน้าที่เปิดอยู่้บ่อยมาก,เนื่องจากมีการจับ การล๊อคอินเพิ่มเติม หากล๊อคอินมากกว่า 2 เครื่อง เครื่องที่ 3 จะมีการล๊อคเอ้าท์ อัตโนมัติ
27,ALL,มีแอด คนบ้าง พอดี เครื่อง NB ส่วนตัวของเจ้าหน้าที่ เข้า NeoHos ไม่ได้,รบกวนปุ่ม Ctrl+F5 Refresh Chrome หรือ เคลียร์แคชอีกครั้งค่ะ
28,ALL,เข้าใช้งานไม่ได้ไม่ทราบว่าจะทำอย่างไรดี,รบกวนปุ่ม Ctrl+F5 Refresh Chrome หรือ เคลียร์แคชอีกครั้งค่ะ
29,ALL,"อยากทางทีม NeoHos ช่วยพัฒนาระบ
ให้สนับสนุนการใช้งาน SSL กับตัวเว็บ
เพื่อเพิ่มความปลอดภัยมากขึ้น","เรื่องการพัฒนาระบบให้รองรับ SSL (HTTPS) เพื่อเพิ่มความปลอดภัยในการใช้งาน
ทางเราจะดำเนินการประสานกับทีมพัฒนา เพื่อพิจารณาและวางแผนในการรองรับการใช้งาน SSL บนระบบต่อไป โดยจะแจ้งความคืบหน้าให้ทราบอีกครั้งเมื่อมีการอัปเดตเพิ่มเติม"
30,ALL,ในส่วน PACs ทางบริษัทมีแผนดำเนินการอย่างไรบ้าง,่วนนี้คือตัวอย่างเชื่อม Pac X-Ray ทางรพ.ขอลิงค์เชื่อม pac กับบริษัท x-ray หากรับแล้วสามารถนำลิงค์ส่งกลับให้ทางทีม Neo เชื่อมลิงค์เข้าระบบ IPD
31,ALL,ขอ sync รหัสผ่านจาก hosxp ไปอัพเดท ที่ neo,ลองให้หน้าที่ log in ใหม่อีกครั้งนะ
32,ALL,เรื่อง คำนำหน้าชื่อ,คำนำหน้าทางทีมดึงตารางจาก his คุณแจ๊คสามารถเพิ่มในฐาน pname เลย เนื่องจากเป็นฐานของ รพ. ทางทีมไม่สามารถเพิ่ม
33,ALL,ทางรพ.ต้องรออัพเดทให้หรอ,รอทางทีมแจ้งอัพเดทอีกที
34,ALL,neohos รองรับระบบการใช้เครื่องจัดยาอัตโนมัติ มี site reference,ส่วนนี้อยู่ระหว่างดำเนินการพัฒนา หากเรียบร้อยแล้วจะมีทีมแจ้งอัพเดทในส่วนนี้อีกครั้ง
35,ALL,แจ้งเตือนอันนี้ขึ้นบ่อยมากๆ คืออะไรหรอ,รบกวนปุ่ม Ctrl+F5 Refresh Chrome หรือ เคลียร์แคชอีกครั้งค่ะ
36,ALL,พี่อยากเปลี่ยน รหัสใน neo,ส่วนนี้ทีมแนะนให้เปลี่ยนที่ hos
37,ALL,IT ยังไม่ได้ทำอะไร แก้ปัญหาอย่างไร เผื่อทางทีมนีโอมีปัญหาเรื่องเครื่องวางไฟล์อีก เพราะจะมีปัญหาการเข้าถึงเครื่องนี้ตลอด แจ้งพี่หนอ่ย่,อาจเกิดจากสัญญาณอินเทอร์เน็ตไม่เสถียรในช่วงเวลานั้น ทำให้ไม่สามารถเข้าเครื่องวางไฟล์ได้
38,ALL,Login ใช้งานห้องยาบางเครื่องเข้าไม่ได้ต้องทำยังไงอาจารย์,รบกวนปุ่ม Ctrl+F5 Refresh Chrome หรือ เคลียร์แคชอีกครั้งค่ะ
39,Consult,ขอลบรายการนี้,สามารถให้แผนกที่ขอ consult มา ลบได้เลย
40,Consult,ส่วนที่มี 2 รายการเพราะเจอปัญหาว่าเวลาตรวจ consult เขาจะใส่ชื่อเจ้าหน้าที่เข้าไปว่า consult ใครซึ่งเดิมคนที่เข้าไปดูคนแรกจะเขียนข้อมูลการ consult ไว้ แล้วคนต่อมาเข้าไปดูถ้าไม่ใช่พยาบาลคนเดิมพยาบาลคนใหม่เข้าไปดูก็จะสามารถเห็นข้อมูลของคนเก่าที่เขียนไว้แต่ตอนนี้เราเจอว่าพยาบาลคนที่ 2 ที่เข้าไปดูไม่เห็นข้อมูลการ consult เลยเลยแก้ปัญหาโดยให้พยาบาลบอร์ดส่งคอนเซาท์ครั้งที่ 2 ให้พยาบาลคนใหม่ถึงจะสามารถบันทึกข้อมูลการคอนเซาท์ครั้งที่ 2 ครั้งที่ 3 ได้เลยกลายเป็นมีเลข consult 2 เลขถ้าช่วยแก้ปัญหาได้จะดีมาก,หากมีการกำหนดชื่อเจ้าหน้าที่ ที่จะรับ consult รายการ consult จะอ่านได้เพียงผู้ส่งและผู้รับ เจ้าหน้าที่ท่านอื่นจะไม่สามารถอ่านได้ หากต้องการให้เจ้าหน้าที่ท่านอื่นสามารถอ่านได้ด้วยแนะนำให้เลือกส่ง consult ไปที่แผนกนั้นๆโดยไม่ต้องเลือกชื่อแพทย์ที่จะขอ consult
41,Consult,เปลี่ยนคำ แพทย์ที่จะขอ Consult เป็น ผู้รับ Consult ได้เหรือเปล่า,ส่วนนี้จะยังไม่สามารถแก้ไขได้ เนื่องจากเป็นหน้าการทำงานหลัก
42,Consult,ขออนุญาตสอบถาม กรณีห้องยาเขียน consult จะแจ้งเตือนเฉพาะแพทย์ที่ระบุชื่อ หรือแพทย์ทุกท่านที่เข้ามาดูผู้ป่วย หรือหน้านี้เป็นเฉพาะแพทย์ consult แพทย์ ถ้าต้องการ consult ห้องยาต้องกดที่เมนูไหน ขอบคุณ,จะแจ้งเตือนเฉพาะแพทย์ที่ระบุชื่อ แต่เจ้าหน้าที่ท่านอื่นสามารถเข้ามาดูที่ผู้ป่วยได้
43,Consult,เราทำ แจ้งเตือนconsultแพทย์ทางไลน์โทรศัพท์หรือยังนะ,จะมีเพียงแจ้งเตือนผ่านระบบ neo เท่านั้นนะ
44,Consult,รบกวนสอบถาม ข้อมูลส่วนนี้ต้องลงตรงไหนถึงจะมีข้อมูล ใบ consult,จะต้องเป็นการลงข้อมูลมาจาก opd
45,Consult,"ไม่แน่ใจว่าทำไม เคสนี้ถึงขึ้นการขอ consult ที่แอคเคาท์ของหมอ 
ปัจจุบัน ราวน์วอร์ดชาย 
เคสผู้ป่วยน่าจะเป็นวอร์ดหญิง",ส่วนนี้หากมีการเลือกชื่อแพทย์ที่จะขอ consult แจ้งเตือนจะมาแสดงที่แพทย์ด้วย
46,Consult,ขอสอบถามแอดมินระบบ เรื่องใบconsultในระบบ neohos ของหน่วยงานทันตกรรม ทันตแพทย์มีปัญหาไม่พบชื่อผู้ป่วยในหน้าconsult แต่จะมีปัญหาเป็นบางusernameของแพทย์ เมื่อใช้usernameของหมออื่นแล้วlogin ก็พบชื่อคนไข้ไม่ทราบเกิดจากสาเหตุใด (update versionของโปรแกรมแล้ว),ทันตแพทย์มีปัญหาไม่พบชื่อผู้ป่วยในหน้าconsult ส่วนนี้ ได้ log in แผนกที่ต้องรับ consult ไหม
47,Consult,Consult ไปหาทั้งเภสัช PT โภชนาการ อ่านตอบ consult ไม่ได้ทั้งหมด,จะสามารถอ่านผลการตอบกลับได้เฉพาะแพทย์ผู้ส่ง consult
48,Consult,รายการ consult. คนไข้ เปิดดูข้อมูล อีกคน แต่ ขึ้นแต่ขื่อ วารี ทั้ง 4 ราย,แนะนำรีเฟรชอีกครั้ง
49,Consult,สมมติว่า เลือก ห้องตรวจอายุรกรรม แต่ไม่เลือกชื่อแพทย์ หน้า consult จะขึ้น ที่ แพทย์อายุรกรรม?,ส่วนนี้จะเห็นทั้งห้องอายุรกรรม แต่ถ้าหากต้องการ consult หาแพทย์โดยตรง แนะนำเลือกแค่ชื่อแพทย์ได้เลย
50,Consult,ขออนุญาต จากICU คุณหมอพิมพ์ใบconsult ในระบบแล้วทำไมถึงไม่ขึ้นตรงหน้าconsult,"หากเป็นเจ้าหน้าที่พยาบาลจะแสดงที่ส่วนนี้ จะไม่มีรายการแสดงที่แถบซ้าย
นอกจากแพทย์ user ที่เป็นเจ้าหน้าที่ผู็ส่ง consult ถึงจะแสดงที่แถบซ้าย"
51,Discharge Summary,Discharge หัวข้อ ตรวจชาร์ท กับ ผู้ตรวจ หน้าต้องไปใส่ ตรงนะ,แก้ไขเรียบร้อย
52,Discharge Summary,รบกวร คนไข้กายภาพ หรือ imc หน้า discharge sum จะต้องติ๊ก จาก นักกายภาพ,เนื่องจากในส่วนนี้ ทาง neo ไม่ทราบรายละเอียดการทำงานจริงของทางโรงพยาบาล ในขั้นตอนการบันทึก Discharge Summary
53,Discharge Summary,ช่องตรวจชาร์จ ไม่มีสัญญลักษณ์สี่เหลี่ยม เกิดจากอะไร,จะต้องกดบันทึกส่วนนี้ ที่หน้าวินิจฉัยโรค
54,Discharge Summary,ตรงช่องตรวจชาร์ทปกติจะขึ้นช่องสี่เหลี่ยมมาให้เรากดเทื่อเราตรวจเสร็จแล้วหลังจาก update ตอนนี้ไม่มีเราต้องไปกดตรงก่อนป่ะ,หากแพทย์ complete หรือไม่ complete สามารถกดเลือกได้เลย แล้วกด save
55,Discharge Summary,ขอเพิ่ม psychotherapy,ในแบบที่ 5 จะมีการปรับหน้าลงข้อมูลอยู่ หากมีการอัพเดทจะแจ้งมีแจ้งให้ทราบ
56,Discharge Summary,ลงวินิจฉัยไปหมดแล้วแต่ยังไม่ขึ้น ✅,จะต้องมีลงข้อมูลวินิจฉัย ถึงจะแสดง ✅ ที่ช่องวินิจฉัย
57,Discharge Summary,หน้า progress note ถ้ามาเพิ่มข้อมูลหลังจาก D/C ขอให้วันที่เป็นวันที่เดิม,ปิดการแสดงชื่อเวลา
58,Discharge Summary,ใบนี้ที่หายไปจากแฟ้มเวชระเบียน,ไม่ได้บันทึก
59,Discharge Summary,ช่องสรุปชาร์ท ตรงช่องสถานะ ถ้ากากบาท แปลว่าอะไร มีปัญหาว่ากด save ตามปกติทุกหน้าแล้ว ยังขึ้นกากบาทอยู่,ถ้ากากบาทหมายถึงยังไม่มีรายการลงข้อมูลที่ส่วนนี้
60,Discharge Summary,neo ตรง non operative OR proc edure ช่อง 20 บางเคสมี check box แสดงให้ บางเคสต้องไปกดนำเข้าเอง เพราะอะไร,หากมีรายการมาแสดงแล้วส่วนนี้เกิดได้จากมีการกดบันทึกไว้ก่อนแล้ว
61,Discharge Summary,เมนู discharge ระบุแพทย์ ติ๊กเลือก Incomplete ไม่มีข้อมูลขึ้น แต่ถ้าเลือกเป็น Doctor Complete มีขึ้นมาไม่ทราบว่าเกิดจากสาเหตุอะไร,หากมีการเลือก doctor complete ไว้ส่วนนี้ ข้อมูลจะไปแสดงที่หน้า doctor complete
62,Discharge Summary,เอาติ๊กถูก ออกไม่ได้ แค่กดบันทึก ยังไม่ได้ลงข้อมูลครบ ก็ติ๊กถูกให้อัติโนมัติเลย,ตอนนี้ไม่มีรายชื่ออยู่ใน complete แล้ว โดยปกติติ๊กถูกจะแสดงอัตโนมัติ ส่วนนี้หากยังลงข้อมูลไม่ครบจะต้องกดออกก่อน
63,Discharge Summary,ชารท หาย คืแ มันหา ำไม่เจอ ที่หน้า dc ปดติ มันต้องหาที่หน้า dc ได้,ทีมแนะนำค้นหา AN เนื่องจากบางครั้งข้อมูลเยอะอาจทำให้ไม่สามารถแสดงทั้งหมดได้
64,Discharge Summary,"ตรวจชาร์ทพบว่าแพทย์ลงcliinical summery ครบถ้วน แต่มาตรวจสอบแฟ้มเวชระเบียนพบว่าไม่ลิ้งมา discharge date 
Discharge status
Discharge type",มีประวัติหลายใบ
65,Discharge Summary,"คีย์รหัสไปแล้ว พอบันทึกรหัสหายHn 624391
An 680018569 แต่ถ้าพอ view ดูขึ้นนะ แต่อยากให้มันขึ้นหน้าใบ summary",ยังไม่มีการลงข้อมูลใน SPECIAL INVESTIGATION ข้อที่ 21
66,Discharge Summary,ไม่ขึ้นช่องให้ติ๊ก,บันทึกที่ส่วนนี้จะแสดงช่องสีเหลี่ยมให้ติ๊กนะ
67,Discharge Summary,พอดีจะปริ้นใบsummary D/C แต่ปริ้นไม่ได้ กดปริ้นไม่ได้ D/C 22 กันยายน สูติ -นรีเวชกรรม พิมพา,ยังไม่มีการบันทึก
68,Discharge Summary,ตรวจสอบ ตัวอย่าง HN 000004548 ก็เหมือนบันทึกครบแล้ว แต่ยัง ขึ้น ❌ อยู่,ยังไม่มีการบันทึกส่วนนี้
69,Discharge Summary,และ จำนวนที่ แสดง ให้มีประมาณ 20 ครั้ง จาก รูปที่ส่ง ไป คือมีแค่ 10 ครั้งที่มา และ เรียง จาก ครั้งแรก ที่เคย admit ทำให้ review ข้อมูล ยาก,จะยังไม่สามารถแสดง 20 ครั้งได้ เนื่องจากระบบประมาลผลมากเกินไปจะให้หน้าการทำงานช้าได้
70,Discharge Summary,ลายเซ็นหมออยู่ผิดแนว ตอนนี้แก้ไขลายเซ็นใหม่แล้วแต่ในเอกสารยังคงเป็นลายเซ็นเก่าอยู่ เป็นเฉพาะแหมอคนนี้คนเดียว,จากการตรวจสอบข้อมูลตรงส่วนนี้จะต้องเป็น USER ของแพทย์ท่านนี้ Login แก้ไขลายเซ็นและกดบันทึกแก้ไขใหม่ ลายเซ็นถึงจะแสดงเป็นปัจจุบันที่แก้ไขแล้ว USER อื่นไม่สามารถบันทึกแก้ไขข้อมูลส่วนนี้ได
71,Discharge Summary,คนไข้ที่จำหน่ายแล้ว ต้องการดูเอกสารการบันทึกติดตามการใช้ยา HAD หรือ DUE ไม่สามารถดูได้ในแฟ้มเวชระเบียน ไม่ทราบว่าควรเข้าไปดูตรง,หากมีการบันทึกเอกสาร จะชื่อว่า High Alert Drugs
72,Discharge Summary,ทำเสร็จแล้ว ทำไม ยังมี ชื่อเหลือ (??),จะต้องบันทึกที่ส่วนนี้
73,Discharge Summary,ใบสรุปการรักษาผู้ป่วยใน สามารถ lock หลังจาก audit มี log เก็บ ในส่วนนี้,ตอนนี้จะยังไม่สามารถ lock ได้ ส่วนนี้ไม่มี log เก็บ
74,Discharge Summary,ขอทีม กรณีที่มีการแก้ไข status D/C ใน NeoH ข้อมูลจะลิ้งค์มา HosXp อัตโนมัติเลย,จะต้องแก้ไขที่หน้าการทำงาน รายละเอียดผู้ป่วย > discharge รายการใน hos ถึงจะเปลี่ยน แล้วมากด edit อีกครั้งที่หน้าใบสรุป
75,Discharge Summary,2 อันล่าง มานไม่หายไปซักที เพราะอะไร?,ยังไม่มีการติ๊กเลือก doctor complete
76,Discharge Summary,จากงานกายภาพบำบัด ขอกรณีการลงข้อมูลในส่วนของ Discharge summary สามารถลงยังไงได้บ้าง ซึ่งก่อนหน้านี้ใช้วิธีการ ใช้ดินสอเขียนเพื่อแจ้งให้แพทย์รับทราบ,ให้พี่โด่งโทรแนะนำการใช้งาน
77,Discharge Summary,"ขออนุญาตสอบถาม แพทย์ลง Dx principle Dx แล้วกด save แล้ว แต่พอกลับไปดูใหม่ ข้อความDx ไม่อยุ่แล้ว 
ต้องทำยังไง",โดยปกติ ต้องเปิดประวัติใบเดิมและเพิ่มข้อมูล กด edlit รายการจะบันทึกไปที่ใบเดิม
78,Discharge Summary,ยกเลิก D/C ไปตรงไหน,ส่วนนี้จะต้องยกเลิกที่ hosxp นะ
79,Discharge Summary,ยังขึ้นสลับกันเหมือนเดิมครับ ใบสรุปเวช,"ทางทีมขอทราบความหมายความสำคัญส่วนนี้ของ ทาง รพ. 
เนื่องจากปัจจุบัน ระบบจับจากความสำคัญมากที่สุดเป็น main ทำให้ ความสำคัญ 2 เป็น main"
80,Discharge Summary,"ทพญ.ตุลยา , กับ ทพญ.พรชนก ไม่มี ชื่อ sign ใน attending กับ approve แล้ว มานมีโอกาส ค้นชื่อจาก ส่วนนี้ได้มั๊ย",หน้าการทำงานนี้ ณ ปัจจุบัน ไม่แสดงชื่อผู้ที่ไม่เป็นเลข ว. ของแพทย์ จะเป็น ท. ทำให้ไม่พบ
81,Discharge Summary,"ทำไมตรงวินิจฉัยโรค ไม่ติ๊กถูก
ทั้งๆที่ลง วินิจฉัยแล้ว save แล้ว","ยังไม่มีการลงข้อมูล ICD10, ICD9"
82,Discharge Summary,แนบไฟล์ไม่ได้ครับ,"ยังไม่มีจัดเอกสารเพิ่มเอกสารไฟล์แนบนะ"
83,Discharge Summary,สอบถามกรณีที่คนไข้ทำการD/Cไปแล้วมีวิธีไหนที่ไม่ต้องดึงชื่อกลับมาให้อยู่ในHosxpบ้างไหม เพราะบ้างที่ทำการScatเอกสารที่หลังแล้วต้องไปยกเลิกการC/Cใหม่แล้วทำให้วันนอนเพิ่มขึ้น,การC/Cใหม่แล้วทำให้วันนอนเพิ่มขึ้น ส่วนนี้สามารถแก้ไขวันที่ d/c ใหม่ให้ตรงกับวันที่ d/c จริง รายการวันนอนจะไม่เพิ่มขึ้นจากการ d/c รอบแรก
84,Discharge Summary,ขยับแถบชื่อแพทย์ ให้เหมือนแบบเดิมได้ไหม อันนี้แบบเดิม ตอนที่ยังไม่อัพเดต,ส่วนนี้จะไม่สามารถขยับได้แล้วนะ เนื่องจากหากมีการลงข้อมูล audit รายการจะแสดงข้อมูลที่หน้ากระดาษไม่พอ
85,Discharge Summary,รบกวนสอบถาม หลังอัพเวอร์ชั่น พบว่ามีข้อมูลให้บันทึกเรื่องการAudit ท้ายแบบสรุปโรค เงื่อนไขที่เพิ่มเพื่อให้แพทย์เป็นผู้ Audit หรือเปล่า,ทางรพ.มีเจ้าหน้าที่คอยตรวจสอบความถูกต้องไหม หากมี เจ้าหน้าที่ ที่ทำหน้าที่ตรวจสอบสามารถลงชื่อ ที่ ผู้ audit ได้เลยนะ
86,Discharge Summary,สอบถามAdmin ใบสรุปเวชระเบียนผู้ป่วยในโดยแพทย์ ดึงมาจากไหน เพราะบางCase ไม่มีในแฟ้มเวชระเบียน,หากมีการบันทึกส่วนนี้เอกสารจะไปแสดงที่หน้าแฟ้มเวชระเบียน
87,Discharge Summary,ปริ้นหน้า summary แล้วคำวินิจฉัยในส่วนหัตถการ ออกมาซ้ำซ้อน ซึ่งข้างบนกรอบสีแดงมีก็อยู่แล้ว,แก้ไขเรียบร้อย
88,Discharge Summary,สามารถแก้การบันทึกลายเซ็นของหมอได้มั้ย an 670009447 ลายเซ็นไม่ตรงกับที่บันทึกไว้,แพทย์สามารถ log in แก้ไขได้เลยนะ
89,Discharge Summary,ขยายข้อความอีกได้ไหม,ในส่วนของข้อความหัตถการ “OPERATING ROOM PROCEDURES” ไม่สามารถขยายขนาดฟอนต์ได้เพิ่มเติม เนื่องจากติดข้อจำกัดของขนาดกรอบที่กำหนดไว้ในแบบฟอร์ม
90,Discharge Summary,ขออนุญาต พบแพทย์สรุปชาร์จแต่ช่อง Diag text ยังขึ้นแดง และแพทย์ auditor เข้าไป audit chart ไม่ได้ AN 680008622 รบกวนตรวจสอบด้วย,หากติ๊กถูกไม่แสดง จะต้องบันทึกส่วนนี้ให้มีประวัตินะ
91,Discharge Summary,"ถ้าเราจะดูประวัติของคนที่ D/C ไปแล้วว่าได้รายการอาหารอะไรบ้าง 
หรือ มีการรักษายังไงบ้าง ในneo hos ดูยังไง",ส่วนนี้ หากเลือกรายชื่อแล้วจะแสดงแฟ้มเวชระเบียนทั้งหมด
92,Discharge Summary,แก้ให้เปน4วันยังไง,แก้ไขเรียบร้อย
93,Discharge Summary,"เรา ปริ้นท์ หน้า D/C ถ้าได้ คน d/c จะทำงานง่ายขึ้น
แต่ว่า ขอ เป็น export เป็น file word หรือ excel",เดิมเคยมี เนื่องจากทางทีมเจอ error เลยปิดปุ่มปริ้นไว้ เมื่อทีมแก้ไขแล้วเสร็จทีมจะแจ้งอัพเดทให้คุณหมอทราบอีกครั้ง
94,Discharge Summary,สอนใช้งานเวชระเบียน,30 นาที
95,Discharge Summary,โปรแกรมสรุป chart DS beta ให้ใช้ได้ยัง,ส่วนนี้ยังไม่สามารถใช้งานได้ เนื่องจากยังไม่เสร็จสมบูรณ์
96,Discharge Summary,ตย. เคส เมย.,จะต้องเลือกวันที่ ตรงประวัติการแก้ไขก่อนนะ ข้อมูลที่ลงไว้ก่อนหน้าจะแสดง
97,Discharge Summary,ฟอร์ม หมวด 3 History Examination หาย จ้า,เคสที่ยังไม่มีการบันทึก
98,Discharge Summary,จะเพิ่มหัตการที่มีมากกว่า1อย่างเวลาสรุปชาร์ตยังไง,หากมี ข้อมูลลงก่อนหน้า แล้ว 1 ครั้ง สามารถคลิกที่ clear และ save ได้เลยนะ
99,Discharge Summary,ประวัติ family หายไป,เลือกหน้าลงข้อมูลผิด
100,Discharge Summary,เพิ่มช่องนี้มา คน Audit ต้องทำอย่างไร?,ช่องนี้เป็นการเพิ่มขึ้นมาเพื่อให้แพทย์ทำการ audit chart หรือตรวจสอบชาร์ทอีกครั้งโดยการติ๊กเลือกและเซ็นตรงหน้านี้
101,Discharge Summary,แต่พอเข้าไปทำให้ complete รายชื่อในNeo จะหายไปเมื่อก่อนไม่เป็นอย่างนี,สามารถเลือกตรงส่วนนี้นะ ที่รายการหายไปเพาะติดตัวกรองรายการ
102,Discharge Summary,680006951 กดคำนวณ adjRW. ไม่ได้,ผู้ป่วยยังไม่จำหน่ายจะกดคำนวณไม่ได้
103,Discharge Summary,ตอนลงวินิจฉัยแรกที่แอดมิดจะเปลี่ยนรหัสแรกเป็นโรคที่แอดมิด เช่นความดัน ร่วมเบาหวาน แต่แอดมิดความดันจะลงรหัสแรกเป็นความดัน อันนี้จะเปลี่ยนรหัสก่อนส่งแอดมิดทุกครั้ง แต่Final Diagnosis ควรเป็นสิทขาดของหมอนะ ที่จะสรุปวินิจฉัยสุดท้าย ก่อนส่งเคลม ไม่ใช่ว่าหมอพิมพ์อะไรลงไป ก็ไปดึงข้อมูลเก่าตอนแอดมิทมาลง เลิกอัตโนมัติ ไม่ดึงมาขึ้น เหมือน Cormorbid ยังไม่ดึงเลย เด๋วเวชจะมาใส่เอง,ใน hosxp มีฟังชั่นให้ดึง DX จาก Pre dx มาใช่ใน ipd สามารถยกเลิกออกได้ แต่ถ้า รพ. มั่นใจว่าตรวจถูกทุกชาร์จ ก็สามารถยกเลิกดึง pre DX ได้
104,Discharge Summary,อันนี้ แปลว่า อะไร หัวข้อ สถานะ ขึ้นเป็น x หน้า Discharge,ยังไม่มีประวัติการบันทึกหน้าใบสรุปการรักษาผู้ป่วยใน
105,Discharge Summary,ช่องตรวจชาร์จ กับช่อง auditchart ขึ้นไม่ตรงกัน,บนแบบฟอร์มอื่นจจะมี ส่วนนี้ ในส่วนของ รพ.ใบสรุป จะไม่มีส่วนนี้ ทำให้ แสดง กากบาท
106,Discharge Summary,สามารถทำให้มี 3 ลายเซ็นในครั้งเดียว หมอจะได้ไม่ต้องเข้ามาเซ็นหลายรอบ,ไม่สามารถทำให้มี 3 ลายเซ็นในครั้งเดียวได้ เนื่องจากมีแพทย์หลายท่าน
107,Discharge Summary,ดูหน้าคำนวน adjRW กดคำนวนแล้วข้อมูลไม่รัน ต้องไปคำนวนหน้า hosxp ก่อนน แล้วมาเข้า neo ถึงจะได้ ทุกเคส,เวอร์ชั่นการคำนวณในฐาน hosxp เปลี่ยนเป็น 6306
108,Discharge Summary,ขอเรื่องใบสรุปการรักษาผู้ป่วยใน ของฝาก NICU แพทย์สรุปแล้วแต่วันเวลา สถานภาพการจำหน่ายไม่ขึ้น,มีบันทึกใบสรุปใบสรุปการรักษาผู้ป่วยในก่อนที่จะสั่งจำหน่ายไป เพราะถ้าหากบันทึกทีหลังจำหน่าย ข้อมูลส่วนนี้จะแสดงอยู่
109,Discharge Summary,เเก้ไขเวลา admit กับ discharge ตรง,ประวัติ ลงข้อมูลไว้
110,Discharge Summary,Discharge วันที่จำหน่ายไม่แสดง,แพทย์สรุปรักษาผู้ป่วยแล้วกดบันทึกไปก่อนจะสั่งจำหน่ายผู้ป่วย
111,Discharge Summary,พอดีใบdischarge summary มันไม่ขึ้นในเวชระเบียน ต้องแก้ตรง,เอกสารขึ้นปกติ
112,Discharge Summary,"ขอถามนะ พอดีจะพิมพ์ CT neck ในช่อง special investigation
พิมพ์ icd 9 ไปแล้ว แต่เหมือนไม่ขึ้นอะ",กรณีที่มีการแก้ไขเพิ่มเติม จะต้องมีการบันทึกแก้ไขใบdischargeอีกครั้ง
113,Discharge Summary,หมอลงวินิจฉัยโรคคนนี้ไม่,มีอักขะพิเศษ
114,Discharge Summary,ขอพอดีในใบ D/C summary ในช่อง Physician/ Approve มีการบันทึกไปแล้ว เราสามารถเข้าแก้ใขชื่อแพทย์,ต้องแพทย์ที่แสดงตรงตามชื่อ นำออกและบันทึกแก้ไข
115,Discharge Summary,ที่เคยประสานไป สรุปแก้ไขได้หรือเปล่า,ส่วนนี้ทางโปรแกรมเมอร์ตรวจสอบแล้วต้องมีข้อมูลนี้เป็น 1 จึงจะแสดง
116,Discharge Summary,an1628 หน้าsummary ชื่อแพทย์ที่ลงนามถึงเลื่อนไปอยุ่อีกหน้านึง..จากเหตุใด,มีการเคาะบรรทัดเว้นว่างทำให้พื้นที่กระดาษ ไม่เพียงพอ
117,Discharge Summary,ขออนุญาตทีม Neo เกี่ยวกับใบ clinical summary และ ใบ admission note ว่าในข้อมูลบนแถบ discharge ไม่เหมือนกันกับในแฟ้มเวชระเบียน ทั้งๆที่แพทย์มีการ fill formแล้ว,แนะนำ
118,Discharge Summary,"หมอเจ้าของไข้ กับ หมอ ที่ D/C เป็นคนละคนกัน 
หมอเจ้าของไข้จะ summary D/C ทีหลังได้ยังไง",สามารถค้นหาจากแพทย์ผู้สั่งจำหน่ายได้เลย
119,Discharge Summary,พี่โด่งอยากให้สัญลักษณ์ paperless มาโชว์หน้านี้,อยู่ในแผนพัฒนา
120,Discharge Summary,"จากห้องคลอดนะ
ขอ
ว่า ไม่มีชื่อแพทย์เจ้าของไข้ ขึ้น
ต้องแก้ไขตรงจากห้องคลอดนะ",เพิ่มได้ที่หน้ารายละเอียดผู้ป่วย
121,"Discharge Summary, ห้องผ่าตัด",จากเคสที่เคยแจ้งไป ในหน้า discharge summary ข้อมูลยังแสดงไม่ถูกต้องครับ,ส่วนนี้จากการตรวจสอบไม่มีการผูกข้อมูลไว้ ทำให้รายการดึงข้อมูลส่วนอื่นที่มีค่าว่างมาแสดง
122,"Discharge Summary, ห้องพยาบาล",ขออนุญาต กรณีคนไข้ discharge ไปแล้ว แพทย์จะเพิ่ม order d/c และบันทึก progress note เพิ่มเติมทำยังไง,ส่วนนี้ทางรพ.จะต้อง อนุญาตให้แก้ไขผู้ป่วยจำหน่ายแล้ว ถึงจะสามารถแก้ไขได้ เนื่องจากจะขึ้นอยู่กับเงื่อนไขของรพ.ว่าสามารถแก้ไขผู้ป่วย d/c ได้หรือไม่
123,"Discharge Summary, ห้องพยาบาล",สอบถามเคสd/c ไปแล้ว แต่ยังไม่ติ๊กในช่อง D/C ของ med reconcile สามารถแก้ไขย้อนหลังได้เลยไหม หรือต้องทำยกเลิกD/C ก่อน,กดย้อนหลังได้
124,refer,เรามีแบบ ใบที่เขียน ลายมือแนบนะ ส่วนมาหมอจะปริ้นท์ออกมาเขียนครั,ส่วนนี้จะยังไม่มี
125,ผู้ดูแลระบบ(Admin),ต้องเห็นแบบฟอร์มแต่ละใบที่ทาง Neoมีอะ จะได้มาเทียบกับใบที่มีอยู่ ช่วยเปิดหน้าแบบฟอร์ม,สามารถแจ้งทางไอทีรพ.ที่มีสิทธิ์แอดมินตั้งค่าเปิดฟอร์มที่มีในระบบทั้งหมด
126,ผู้ดูแลระบบ(Admin),ของหมอเพิ่ม user เข้าใช้ใน neohos ไม่ได้ครับ รหัสหมอ คือ 042 เข้าไม่ได้ครับ พอติ๊กถูกแล้วขึ้นตามรูปที่ส่งให้ไป ต้องเป็น 042 ครับ,แก้ไขเรียบร้อย
127,โภชณาการ,ขยับวอร์ดผู้ป่วยโรคหัวใจ มาไว้ต่อผู้ป่วยโรคไต การ์ดอาหารจะได้ไม่สลับวอร์ดกัน,โปรแกรมเมอร์ แจ้งว่าระบบดึงเรียงตามลำดับเพิ่มชื่อ ward
128,โภชณาการ,เเอดมินช่วยดูตรงห้องอาหารพอดีเข้าปริ้นรายการอาหารไม่,รบกวนปุ่ม Ctrl+F5 Refresh Chrome หรือ เคลียร์แคชอีกครั้งค่ะ
129,โภชณาการ,ให้อาหารไปที่ห้องอาหาร,อาหารสามารถสั่งได้ 3 หน้ารายการนะ ถ้าสั่งจาก ห้องทำงานแพทย์ nurses station ปละหน้า Meddication profile รายการจะไปที่ห้องอาหฟาร
130,โภชณาการ,ิตามงานในไลน์ส่วนตัว ในส่วนของงานโภชนาการ โรงพยาบาลแม่ลาน้อย ที่ให้โปรแกรมเมอร์ แก้ไข ได้ดำเนินการถึงขั้นตอนแล้ว,อยู่ระหว่างโปรแกรมเมอร์แก้ไข
131,โภชณาการ,ถ้าจะปริ้นรายการอาหารย้อนหลัง 18/6/68 ward IMC one day พอดีลองทำแล้วไม่ได้,ไม่พบรายชื่อผู้ป่วยที่วอร์ดนี้
132,โภชณาการ,ยอดผู้ป่วยชาย มี 20 คน แต่ขึ้นในรายการให้พิมพ์ได้ 13 คน,7 รายการถูกยืนยันมาแล้ว
133,ลงทะเบียนผู้ป่วยใน,"เช็คให้หน่ย
ตอนรับแอดมิน เลือกแพทย์สั่งแอดมิน กับ เจ้าของไข้ถูกต้อง
แต่พอผ่านไป มันสลับกันเอง
AN 4967",ส่วนนี้จะยังไม่สามารถตรวจสอบได้ ทีมตรวจสอบได้เพียงเจ้าหน้าที่ ที่ admit มา
134,ลงทะเบียนผู้ป่วยใน,ลงแพทย์เจ้าของไข้ ของนางเดือนเพ็ญ แก้วรินขวา HN470000992 และ นายสมชัย จำปาศักดิ์ HN 470009241 เป็นนพ.ทนงศักดิ์ ราชเจริญ และ นายสมชัย จำปาศักดิ์ HN 470009241 รับลงเตียงใน Home ward,สามารถเพิ่มแพทย์เจ้าของไข้ที่ รายละเอียดผู้ป่วยได้เลย เพิ่มเตียงที่ส่วนนี้หน้ารายละเอียดผู้ป่วยได้เลย
135,ลงทะเบียนผู้ป่วยใน,ถ้าขึ้นแบบนี้ให้แก้ไขตรง,ผู้ป่วยอยู่ในwardแล้ว
136,ลงทะเบียนผู้ป่วยใน,ขอadminกรณีคนไข้มารับบริการrevisitเกิน4ชั่วโมงในระบบสามารถแยกใช้จ่ายvisitแรกให้ไม่ถูกโอนเข้าvisitใหม่ที่เป็นผป.นอกกับ ผป.ใน,ที่หน้ารับadmitสามารถเลือกนะว่ารายการจะโอนเข้าipd สามารถเลือกรายการเลยนะ
137,วิสัญญี,ไม่แน่ใจทาง neo เปิด opertion note cataract ให้ รพ รึยัง,ตั้งค่าให้เรียบร้อย
138,ห้องคลอด,ถ้าอยากเพิ่มหน้าใหม่เอกสารที่ 15 ของคนไข้ ห้องคลอด ต้องทำยังไง พอดีมีเคสนอนนาน,เอกสาร15.แบบประเมิน TONGUE TIE/ทักษะการให้นมบุตร ใช่ กดที่ปุ่มclearได้เลยช่องที่วงจะขึ้นNewเป็นใบใหม่ เมื่อลงข้อมูลแล้วกดsaveจะมีประวัติวันที่ให้เลือกดูแก้ไขได้
139,ห้องคลอด,เรื่องการลงข้อมูลห้องคลอด แล้วพบว่ายังไม่ได้ลง บัญชี 1,แนะนำ
140,ห้องคลอด,ต้องเพิ่มข้อมูลลูกในบัญชี 1 ใช่ กรณีเด็กเกิดใหม่,พื้นที่ทางทีมเคยพบ จะเป็นงาน opd ลงนะ แต่หากไม่ลงก็ไม่กระทบนะสามารถปิดแจ้งเตือนเช่นกัน
141,ห้องคลอด,"menu แบบบันทีกทางการพยาบาลงานผู้คลอด กับ menu ปัญหา/วินิจฉัย/แผนการพยาบาล 
ซึ่งมี ข้อมูลที่บันทึกคล้าย ๆ กัน เช่น FHS Cervix UC ปัญหา กิจกรรมการพยาบาล การประเมินผล 
ใช้ในโอกาสต่างกันอย่างไร หรือต้องบันทึกทั้งสองเมนู 

ปล. menu Nursing Focus Note ยังไม่สามารถใช้งานได้ หมุนติ้ว ๆ เลย","ผู้ป่วยที่ทำการทดสอบลงทะเบียนบัญชี1 แล้วใช่ 
กิจกรรมการพยาบาล การประเมินผล เป็นการวิวของเอกสารที่ต่างกัน จะต้องตรวจสอบกับ เอกสารเดิมทาง รพ. เอกสารใดใกล้เคียงกับทาง รพ.มากที่สุด 
เนื่องจากแต่ละ รพ.ใช้ชื่อฟอร์มเดียวดันจริงแต่ข้อมูลต่างๆ แตกต่างกัน"
142,ห้องคลอด,"สอบถาม ICD 9,10 สามารถเปลี่ยนชื่อแพทย์ ได้ไหม",สามารถเลือกชื่อแพทย์ได้นะ
143,ห้องคลอด,หน้าฝากครรภ์ลงข้อมูลส่วนนี้ พอเข้ามาอีกรอบ หรือรีเฟชแล้ว ข้อมูลหาย,ส่งแก้ ให้มี +
144,ห้องคลอด,สวัสดี รบกวนลบออเดอร์นี้ให้หน่อยนะ,แก้ไขเรียบร้อย
145,ห้องคลอด,ทำช่องนี้ให้ใส่เครื่องหมาย (/) ให้ได้ไหม จำนวนครั้ง 6/12 ครั้ง.,ส่วนนี้จะไม่สามารถใส่เครื่องหมาย / ได้นะ เนื่องจากส่วนนี้ต้องบันทึกทึ่ระบบเดิมของรพ.ทีมไม่สามารถปรับโครงสร้างหลัก ฐานข้อมูลระบบเดิมของรพ.ได้
146,ห้องคลอด,รีโมทสอนการใช้งานแยกเอกสารแม่ลูก/กราฟคลอด,1 ชม.
147,ห้องคลอด,เอกสาร 107 consent ลูก ผู้มีอำนาจแทนต้องเป็นชื่อพ่อหรือแม่ แต่ระบบขึ้นเป็นชื่อคนไข้ แก้ไขไม่ได้,ติ้กที่ช่องนี้ แล้วแก้ไข ตรงนี้ได้
148,ห้องคลอด,อยากรู้เกี่ยวกับเอกสารการทำคลอดมี ถ้ามีเเล้วใช้เลขอะไรในเอกสาร,เอกสารห้องคลอดจะอยู่ในหน้า ลงทะเบียนคลอดทั้งหมดเลยนะ
149,ห้องคลอด,การฟประเมินของงานห้องคลอด แปลกๆ หลายเคสแล้ว ไม่แน่นใจเกิดจากอะไร ช่วงเวลา 05.00 ที่บันทึกไม่ขึ้น ครั้งก่อนกราฟกระโดด,จากการตรวจสอบพบรายการลงข้อมูลส่วนนี้เป็น 3 ข้อมูลเลยไม่แสดงในกราฟ เพราะตอนนี้ระบบจะเริ่มพอตกราฟให้ตั้งแต่ 4 ขึ้นไป
150,ห้องคลอด,ห้องคลอดต้องการปรับแก้ฟอร์มนี้ เฉพาะส่วนกราฟ คือหน้างานแจ้งว่าให้สเกล เลข 0 อยู่ตรงกลางกราฟ ส่วนตัวเลขที่ถ้าขึ้นไปจะเป็น -1 -2 ตัวเลขที่ลงมาจะเป็น +1 +2,เนื่องจากบางส่วนกระทบโครงสร้าง จำเป็นต้องตรวจสอบโครงสร้างหลัก จึงอยู่ระหว่างการตรวจสอบข้อมูลเพิ่มเติม หากได้รับข้อมูลครบถ้วนแล้ว จะแจ้งให้ทราบโดยทันที
151,ห้องคลอด,แบบบันทึกเฝ้าติดตามผู้ป่วยสูติกรรม แสดงในแฟ้มเวชระเบียนเยอะมาก,แก้ไขเรียบร้อย
152,"ห้องคลอด, ห้องผ่าตัด",ตรวจสอบ เคสผ่าตัดคลอดที่ผ่านมาในช่วงอาทิตย์นี้ แถบรายการผ่าตัดไม่ขึ้นโชว์ที่ฟอร์มปรอททุกคน เลยอยากให้ผู้ดูแลระบบเช็คให้ว่าเกิดจากการไม่ลงข้อมูลที่ห้องผ่าตัดหรือเกิดจากระบบ,จากการตรวจสอบเบื้องต้นพบว่ามีการลงข้อมูลในแส่วน ข้อมูล set ผ่าตัด แต่ยังไม่ลงข้อมูลตรง งานผ่าตัด หากลงข้อมูลครบถ้วน ถึงจะแสดงที่ฟอร์มปรอท
153,ห้องทำงานแพทย์,วันที่ไม่ตรง เป็นorderวันที่3 รายการแสดงวันที่2,น่าจะมีออเดอร์เปล่าวันที่2และมาออเดอร์ต่อวันที่3 มีประวัติการส่งใบออเดอร์2รอบ
154,ห้องทำงานแพทย์,เคสนี้ นพ นพพล สั่งทำไมเป็นชื่อ พยาบาล,ทีมแก้ไขชื่อให้แล้วทีมส่งให้โปรแกรมเมอร์ตรวจสอบให้อีกครั้ง
155,ห้องทำงานแพทย์,แอดมิดแล้ว อยากเพิ่มออเดอ ต้องกด new order หรอ,อง new order ใหม่ เนื่องจากมีการรับ order ไปแล้ว
156,ห้องทำงานแพทย์,สามารถแก้ standing order ที่ set ไปแล้ว,ส่วนนี้ทีมแนะนำให้ set standing order ใหม่เลย เนื่องจากหากต้องการเพิ่มรายการยาใน set จะไม่สามารถแก้ไขได้ แต่สามารถเลือกรายการยาบางตัวใน set นัั้นๆได้
157,ห้องทำงานแพทย์,ลายเซ็นแพทย์ต้องลงถาวรตรง,ส่วนนี้จะต้องให้ ไอทีรพ.ลงข้อมูลให้
158,ห้องทำงานแพทย์,แจ้งแพ้ยา ไม่สามรถกด x ได้ จึงไม่สามารถกดรับ order แพทย์ได้เลย,สามารถกด enterเพื่อปิดได้เลย
159,ห้องทำงานแพทย์,พี่ดึงprogress note แพทย์ไม่มา,progress note จะอยู่ที่แฟ้มเวชระเบียนแล้ว
160,ห้องทำงานแพทย์,ถ้าต้องการแก้order ใบเดิม ยังไม่สามารถทำได้ใช่ แบบส่งแล้วส่งเลย ยกเว้น off ยา,ส่วนนี้ยังไม่สามารถแก้ไขใบออเดอร์เองได้ จะต้องให้ทีมแก้ไขที่ฐานข้อมูล หากยังไม่ส่งคำสั่งแพทย์สามารถแก้ไขใบออเดอร์ได้
161,ห้องทำงานแพทย์,"Neo มีปัญหา
Key order แล้ว บันทึก >> ส่งคำสั่งแพทย์ หายหมด 3รอบแล้วในคนเดียวกัน","ขณะนี้ทางทีมกำลังอยู่ระหว่างการตรวจสอบ เพื่อหาสาเหตุของปัญหาดังกล่าว
อย่างไรก็ตาม ขณะนี้ยังไม่สามารถระบุสาเหตุที่แน่ชัดได้
หากมีข้อมูลเพิ่มเติมหรือพบแนวทางแก้ไข ทางทีมจะแจ้งให้ทราบทันที"
162,ห้องทำงานแพทย์,Review treatment หายไป ไม่ขึ้นยาซักตัวเลย an 680008245,พบรายการยา Active Off หมดแล้ว
163,ห้องทำงานแพทย์,Ward เข้าดูประวัติ order คนไข้เตียง ส.3 นางจันทร์พร้อม เผือกผล HN 0008357 ช่วยดู,รายการออเดอร์สามารถดูได้ปกติ
164,ห้องทำงานแพทย์,รคส.med reconcile กดยืนยันorderไม่ได้,กดnew orderได้เลย
165,ห้องทำงานแพทย์,"วิธีใช้ยา ใน hos กับ neo 

ไม่ตรงกัน",เคสที่คุณหมอพบ มีข้อมูลไม่ตรงกัน
166,ห้องทำงานแพทย์,ขออนุญาติ กรณีAdmit แพทย์สั่งlab ล่วงหน้าแล้วพยาบาลกดรับออเดอร์มันจะเด้งเวลาที่รับเลยแล้วลิ้งlabไป hosXP แต่ที่เราlabตอนเช้าจะให้ปริ้นสติกเกอร์เป็น8.00น. เราสามารถลบlabที่รับอัติโนมัติวันนี้ แล้วปริ้นสติกเกอร์Labใหม่เป็น8โมง มีผลกระทบอะไร,พี่โด่งตอบให้แล้ว
167,ห้องทำงานแพทย์,"ขออนุญาต
กรณี กด new order แล้วทำ progress note ไปบางส่วนแล้ว จากนั้นจะกดเข้าไปดูพวก VS IO DTX บางส่วน เพื่อจะนำมาพิมพ์ในช่อง SOAP พอกดย้อนกลับ ก็จะขึ้นไปที่หน้าผู้ป่วยทั้งหมดเลย ข้อมูลที่เคยพิมพ์ก็หายไป อยากทราบว่ามีปุ่มกดตรง ให้ข้อความยังอยู่ หรือต้องส่ง order อย่างเดียว",หากมีการ ออเดอร์อยู่ ทีมแนะนำให้ส่งออเดอร์แพทย์ก่อน
168,ห้องทำงานแพทย์,ค่าถ้าลงระบบ IPD paperless แล้วเวลาเราคีย์แลปใน neo แล้วเราต้องคีย์ใน hos อีกรอบค้า,ขออภัย แพทย์จำเป็นต้องคีย์ Lab ที่ระบบ HOS ก่อน จากนั้นจึงค่อยคีย์เป็น Order Special ที่ระบบ NEO ตัวอย่างการคีย์ Order Special
169,ห้องทำงานแพทย์,เปรียบเทียบแลปแล้วของวันที่ 27/9/68 หาย,วันที่27เป็นราการที่ชื่อเหมือนกันคนละแต่คนละรหัสเลยไม่สามารถเทียบได้
170,ห้องทำงานแพทย์,อาจารย์ ของเคสนี้แพทย์order off cef-3 แต่ในorder ไม่มีที่ให้กดoff,แพทย์รีวิวยานะต้องการออฟยาใช่ จะต้องออฟใบที่สั่งยาตัวที่ต้องการออฟ
171,ห้องทำงานแพทย์,"ขอปรึกษาปัญหา
แพทย์บันทึก progress note พร้อม กดบันทึกต้องการกลับไปแก้ไขบันทึกนั้น
แพทย์ไม่สามารถกลับไปแก้บันทึกนั้น",แก้ไขเรียร้อย
172,ห้องทำงานแพทย์,ยกเลิกออเดอร์แพทย์ที่ยังไม่ได้กดรับ,หากยังไม่มีการรับออเดอร์สามารถยกเลิกคำสั่งแพทย์ได้เลย
173,ห้องทำงานแพทย์,คนไข้คนเดียวกัน เวลากดคลิกเข้า จะขึ้นหน้าได้ 2 แบบ แบบแถบข้างขาว กับอีกแบบคือแถบข้างดำ สามารถทำให้มันขึ้นแค่แถบข้างดำหน้าแถบข้างขาว+สีๆ มันสั่ง Order ไม่ได้ ต้องเสียเวลาย้อนกลับแล้วกดเข้าใหม่ถึงจะได้หน้าแถบสีดำมา,ที่เครื่องใช้งานทางทีม เคลียร์แคชเพิ่มเติม
174,ห้องทำงานแพทย์,"อีกเรื่อง เวลากดส่งคำสั่งแพทย์ไปแล้วแต่พยาบาลยังไม่ได้รับ หรือกดคำสั่ง Reorder แต่หมออยากแก้ไขเหมือนมันไม่สามารถกดแก้ไขได้ ต้องลบอย่างเดียว ซึ่งก่อนอัปเตดระบบนี้สามารถทำได้ คิดว่าแบบเดิมน่าจะดีกว่า ไม่งั้นหมอกดแก้ไม่ได้ ต้องลบกดใหม่เสียเวลา อย่างเช่นที่เคยแจ้งไปข้างต้น แพทย์หลายคนบ่นเหมือนกัน คิดว่าแบบเดิมน่าจะดีกว่า ลบได้แต่แก้ไข ข้างในไม่ได้ เช่น แก้ dose ต่างๆ ที่หมอต้องการคือแก้ไขได้ด้วย เรื่องลบ แจ้งไปแล้วว่ายังทำได้ ก่อนหน้านี้ปุ่มสีเหลือง มันกดแก้ไขยาได้ มาตลอด 
แต่หลังจากอัพเดทรอบล่าสุด กดแก้ไม่ได้ ต้องใช้ลบยาเอาแล้วพิมใหม่ อยากทราบว่าทำไมถึงเปลี่ยน เพราะเวลาเริ่มใช้ปุ่มถนัด ก็จะเริ่มเปลี่ยนปุ่มใหม่ไปเรื่อยๆ",ะ
175,ห้องทำงานแพทย์,ในหน้า Standing Order มีเมนูให้สร้างไว้ล่วงหน้า หมอ ER มา,ส่วนนี้จะยังไม่สามารถสร้างล่วงหน้าได้
176,ห้องทำงานแพทย์,สวัสดี พอดีว่าอาจารย์อยากลง D/Cไว้ล่วงหน้า สามารถทำได้ไหม,หากลงรายการบันทึกเพิ่มเติมเช่น จะ d/c ผู้ป่วยวันที่ 2/12 จะสามารถลงรายการแจ้งล่วงหน้าได้เป็นรายการ note หากจะ d/c ผู้เลย ส่วนนี้จะไม่สามารถ d/c ล่วงหน้าได้นะ
177,ห้องทำงานแพทย์,ดู film ไม่ได้ครับ ต้องทำอะไรเพิ่มไหมครับ,ประสานงาน
178,ห้องทำงานแพทย์,ยกเลิก ออเดอ รคส ได้ไหม พอดีผิดคน,เลือกประวัติที่ต้องการแล้วกดยกเลิกได้เลยนะ
179,ห้องทำงานแพทย์,"ขออนุญาตสอบถาม 
เปลี่ยนให้คีย์ยา RI / regular insulin ให้ง่ายขึ้นโดยไม่ต้องมานั่งจำและคีย์เลข 7 หลักได้มั้ย",หากไม่ต้องการค้นหาด้วยเลขรหัสจะต้องค้นหาด้วยชื่อโดยจะต้องพิมชื่อตามที่แสดง เนื่องจากส่วนนี้ระบบดึงข้อมูลมาจากฐานข้อมูลของรพ.
180,ห้องทำงานแพทย์,แค่จะเข้าไปแก้ออ้ดอร์เดิม ก็ขึ้นหน้าเปล่าๆแบบนี้ ทำไรไม่ได้เลยคับ เมื่อไหร่จะเลิกมีปัญหานี้สักที ถ้ากดแสดงทั้งหมด ก็จะ้ห็นหน้าออเดอร์เดิม แต่แก้ไม่ได้ ต้องรีเฟรชๆแล้วรอเวลาเรื่อยๆ ถึงจะขึินหนเาที่ให้แก้ออเดอร์ได้,ส่วนนี้ทางทีมพยายามกดที่ระบบทดสอบเพื่อให้เกิดปัญหาแบบที่เจ้าหน้าที่แจ้ง แต่ยังไม่สามารถกดได้
181,ห้องทำงานแพทย์,หมายความว่าแพทย์สั่งครั้งที่ 2 ใช้ใบออเดอร์เดิมของเมื่อวานที่เป็นหน้าเปล่าใช่มั้ย,หมายถึงแพทย์มีการส่งออเดอร์ไปแล้ว 1 ครั้ง แพทย์อีกท่านเข้ามาออเดอร์ซ้ำที่ใบออเดอร์เดิมแล้วส่งคำสั่งแพทย์อีกครั้ง ทำให้รายการแสดง รคส. NEW สัญลักษณ์นี้หมายถึงมีการเขียนออเดอร์เข้ามาที่ใบออเดอร์เดิม
182,ห้องทำงานแพทย์,Dtx Lab ที่ต้องทำทุกวัน สามารถ order ฝั่ง continue ได้ไม๊ อาจารย์แพทย์ อยากสั่ง LAb ล่วงหน้า ฝั่ง continue สามารถทำได้ไม๊,รายการ lab ส่วนนี้ทีมไม่แนะนำ ฝั่งcontinue เพราะรายการlab ไม่สามารถ addchart มาทุกวันได้
183,ห้องทำงานแพทย์,รบกวนสอบถาม ตัว reveiw Tx ไม่มีแล้วหรอ,เลือกสั่งยา con ก่อนนะ
184,ห้องทำงานแพทย์,"สอบถามเกี่ยวกับ Template Standing Order ครับ
- เข้าหน้า Set Template Standing Order มีเมนูเข้าเฉพาะไหมครับ ที่ไม่ต้องเข้าผ่านหน้า Order คนไข้
- รายการ Template Standing Order แก้ไข Template เดิมยังไงครับ","-ไม่มีเมนูเฉพาะ 
-รายการ แก้ไข Template ส่วนนี้ยังไม่มีแก้ไขจากเดิม นะ มีกรณีดึงมาใช้เพื่อset บันทึกใหม่"
185,ห้องทำงานแพทย์,สรุปทำได้มั้ยครับ สร้าง standing order ไว้ก่อน และสามารถแก้ไขหรือเพิ่มเติม standing order เดิมที่ทำไว้ได้มั้ยครับ,เป็นการเขียนบนใบออเดอร์คนไข้ แต่ไม่ต้องส่งคำสั่งแพทย์ จะต้องเข้าคนไข้ 1 an เพื่อ set ข้อมูลได้
186,ห้องทำงานแพทย์,"รบกวน neo ช่วย ตรวจสอบ มีแพทย์ยกเลิก order ไม่ได้ 
น่าจะเป็นที่ user เพราะไม่สามารถยกเลิก an ไหนได้เลย",หากกดแสดงทั้งหมดอยู่ไม่สามารถยกเลิกได้นะ
187,ห้องทำงานแพทย์,กับที่ตรงกดแสดงทั้งหมด แล้วกดกลับมาหน้า reorder ไม่ได้(กดปุ่มสีเหลือง R แล้ว) ที่เคยถามไปยังกดไม่ได้แก้ไขนะ จะ 1 เดือนแล้ว ไม่ทราบว่าแก้ไขยัง,การกด re-order ยังไม่สามารถแก้ไขให้ตรงกับความต้องการได้เนื่องจากมีการทดสอบแล้วกระทบกับโครงสร้างส่วนนี้
188,ห้องทำงานแพทย์,แบบฟอร์มผ่าตัด ที่2 ไม่มีที่กดบันทึก,ติ๊กตั้งตรงส่วนนี้ได้ไหม
189,ห้องทำงานแพทย์,"สอบถามอีกเรื่องครับ เรื่องการ off ยา, ทำตามขั้นตอนแล้ว ยังมีปัญหากับทางห้องยาอยู่ครับ",แจ้งพี่โด่งโทรอธิบายการใช้งาน
190,ห้องทำงานแพทย์,"ยาที่แพทย์ off วันนี้ เป็นยาที่มีการสั่งใช้ตั้งแต่วันที่ 17 
วันนี้แพทย์ off ยา
พยาบาลกดรับ order ใน medication profile ตามแนวทาง
หน้าใบ order ที่แพทย์สั่ง off ยา ไม่ขึ้นการรับ order เหมือนหน้าอื่นๆ (ถือว่าปกติใช่ไม๊ ที่จะไม่ขึ้นชื่อ พยาบาล รับ order )
ปัญหาที่พบคือ ห้องยา ไม่ทราบว่ามีการ off ยา หลังจากกดบันทึกใน medication profile
ไม่แน่ใจว่า พยาบาลทำผิดขั้นตอนตรงไหนบ้าง",วิธีการสั่งออฟยาและทำให้มีข้อมูลชื่อยาออฟที่ใบออเดอร์
191,ห้องทำงานแพทย์,แพทย์แจ้งว่ารายการนี้ไม่สามารถkeyในNeohosได้ ด้วย,รับแจ้งมาอีกที เดี๋ยวพรุ่งนี้ถามให้นะแต่ถ้าไม่ได้ถามแสดงว่าใช้ได้แล้วนะ ขอบคุณมาก
192,ห้องทำงานแพทย์,สอบถาม มันมี function ทำ standing order โดยที่ไม่ต้องเข้าชื่อคนไข้สักคนเพื่อ save ทำ standing order ไหม,ตอนนี้จะยังไม่มี function ทำ standing order โดยที่ไม่ต้องเข้าชื่อคนไข้ นะ
193,ห้องทำงานแพทย์,ขอวิธีใช้ Set Standing,แก้ไขเรียบร้อย
194,ห้องทำงานแพทย์,เคสนี้ ห้อง labไม่เห็นรายการ labที่หมอสั่งครับ,แพทย์สั่งเป็นรายการบันทึกเพิ่มเติมข้อมูลไม่ไปแสดงที่ห้อง Lab นะ จะต้องสั่งรายการ Lab ข้อมูล Lab ถึงจะไปที่ห้อง Lab
195,ห้องทำงานแพทย์,ปกติเวลาสั่งให้ PRC หรือ LPRC ต้องสั่ง order ช่องยังไง พบ แล้วก็ตอนนี้ลอง order ในเวชภัณฑ์ที่ไม่ใช่ยา สามารถเซ็นในใบ mar ได้แล้ว,แนะนำเอกสาร
196,ห้องทำงานแพทย์,Neo ยังไม่ add ชื่อ แพทย์ที่มาช่วยราชการคนใหม่ hosxp มีแล้ว รคส ไม่ได้ เราต้องแก้ยังไง?ในกรณีมีแพทย์ช่วย หมุนเวียนทุกเดือน ต้องแจ้งทีมทุกครั้ง,สามารถแจ้งทีมได้หรือจะให้adminโรงพยาบาลเลยก็ได้ต้องทำการจัดกลุ่มก่อน
197,ห้องทำงานแพทย์,พบปัญหาที่opdmedแพทย์เข้าดูประวัติadmitไม่ได้ เช็คให้ด่วน,รบกวนปุ่ม Ctrl+F5 Refresh Chrome หรือ เคลียร์แคชอีกครั้งค่ะ
198,ห้องทำงานแพทย์,Username ของแพทย์เป็นหลังจากเมื่อคืนแก้ไข,รบกวนปุ่ม Ctrl+F5 Refresh Chrome หรือ เคลียร์แคชอีกครั้งค่ะ
199,ห้องทำงานแพทย์,เข้าดูประวัติคนไข้ไม่ได้,รบกวนปุ่ม Ctrl+F5 Refresh Chrome หรือ เคลียร์แคชอีกครั้งค่ะ
200,ห้องทำงานแพทย์,แลปไม่เข้า ถ้าเเพทย์ สั่งเป็นรายการบันทึกเพิ่มเติม แสดงว่า ออร์เดอร์แลปจะไม่เข้าสักรายการ ถ้าเเพทย์ จะสั่งแลป เพิ่ม ให้เข้าไป สั่งแลป แบบปกติ เพราะ ถ้าไปบันทึกเพิ่มเติมคือ ออร์เดอร์ไม่เข้าที่แลป,ในกรณี ที่ต้องการ ให้รายการ ที่สั่งจากOPD แสดง ที่ใบออเดอร์ จึงจะใช้เป็น รายการบันทึกเพิ่มเติมหากต้องการสั่ง LAB อื่นๆเพิ่มเติม สามารถออเดอร์ เป็นการสั่ง lab ได้เลย
201,ห้องทำงานแพทย์,หากต้องการยกเลิก ออเดอที่รับไปทำยังไง,หมายถึงว่าแพทย์สั่งพยาบาลรับออเดอร์ถุก ทางโรงพยาบาลยกเลิกเองแต่ขั้นตอนจะเยอะอยู่..และถ้ามีการสั่งยา..เดี่ยวจะทำวิธีการยกเลิกให้นะ..ถ้าเร่งด่วนส่งมาให้ทางทีมยกเลิก
202,ห้องทำงานแพทย์,การ remed ยานอก รพ. ทำยังไง เข้าไปดูเทียบกับ thai refer ไม่เห็นยา,ส่งคู่มือการใช้งานโปรแกรม
203,ห้องทำงานแพทย์,ท่านผู้รู้ ต้องสั่งอาหารตรง 🙏🏻🤣😅,กดnewอเดอร์เลยกดที่continue ที่แถบด้านซ้ายจะมีสั่งอาหารอยู่นะ
204,ห้องทำงานแพทย์,สั่งLabล่วงหน้าไม่ได้,เพิ่มข้อมูลsoapเพิ่มเติมเนื่องจากหากสั่งรายการลล่วงหน้าอย่างเดียวไม่มีรายการอื่นๆเดียวจะต้องมีข้อมูลส่วนนี้
205,ห้องทำงานแพทย์,Progress note/doctor order ไม่มีfoot note*ไม่เพิ่มแล้วว*,ใบออเดอร์ต้องการเพิ่มฟุตโน๊ตข้อมูลจะไม่ซ้ำซ้อนกับที่อยู่ในช่องโปรเกสโน๊ตใช่
206,ห้องทำงานแพทย์,ขอคู่มือ Set Template Standing Order สำหรับแพทย์ พอดีจะให้แพทย์ใหม่ 2 ท่านได้ลองทำ,ส่งลิงค์คู่มือ
207,ห้องทำงานแพทย์,ฝ่ายทางneo. ขยาย ช่อง note finding ของPE,ตรวจสอบตั้งค่าปิดไว้
208,ห้องทำงานแพทย์,"ตอนนี้ รพ. มีแพทย์มาใหม่ 2 คน
มีรหัสเข้า HosXP ได้ปกติ
ในผู้ป่วยในหน้าห้องทำงานแพทย์ ไม่สามารถเลือกแพทย์ของไข้
ไล่ดูไม่มีชื่อในรายการแพทย์",แก้ไขเรียบร้อย
209,ห้องทำงานแพทย์,ขอลบออเดอร์ อันนี้,สามารถกดยกเลิกคำสั่งแพทย์
210,ห้องทำงานแพทย์,"เรียน Neo
- อยากให้มีระบบแจ้งเตือน หรือยืนยัน ก่อนการสั่งยา ของแพทย์ กรณี แพทย์ สั่งรายการยาที่ชื่อซ้ำกัน ( ยา continue )
เพื่อให้แพทย์ จะได้ทราบว่า เคยสั่งยารายการนี้มาแล้ว 
แพทย์จะลบออกหรือจะเปลี่ยนวิธีการใช้",จะมีการแจ้งเตือนรายการยา active ขึ้นเตือนให้
211,ห้องทำงานแพทย์,"กรณี ถ้าหมอ remed จากประวัติเดิม จะมีแจ้งเตือน คือเจอ ว่ามีการสั่งออเดอรซ้ำ ขึ้นมาเลย เป็นกลุ่มยา เรื้อรัง แพทย์ remed ประวัติเดิมมา
ไม่แน่ใจ ระบบ มีแจ้งเตือน",ส่วนนี้กลุ่มยาเรื้อรังจะยังไม่มีการแจ้งเตือน จะมีแจ้งเตือนเพียงกลุ่มยาที่แพ้และยาที่ปิดการใช้งาน
212,ห้องทำงานแพทย์,กดสั่ง homemed จาก med reconcile ไม่ได้,เลือกสั่งและ กดสั่ง homemed
213,ห้องทำงานแพทย์,ออฟรายการเดิม เปลี่ยนออเดอใหม่ รคส ไม่ได้,เมื่อรายการมาแสดงใบใบออเดอร์แล้วกดส่งคำสั่งแพทย์ได้เลย
214,ห้องทำงานแพทย์,กดส่งคำสั่งแพทย์ไม่,น่าจะเป็นที่เน็ตของรพ.
215,ห้องทำงานแพทย์,เเพทย์สรุปชาตไม่ ล๊อกเป็นชื่อของแพทย์คนอื่นไว้ ไม่สามารถแก้ไข,จะต้องเป็นแพทย์ของชื่อแก้ไข Usere อื่นจะไม่สามารถแก้ไข
216,ห้องทำงานแพทย์,พอดีคุณหมอลงข้อมูล consent แล้วแต่บันทึกไม่ ขอตรวจสอบ,ผู้ป่วยมี AN แล้วจะต้องมาลง consent ที่หน้าการทำงานนี้
217,ห้องทำงานแพทย์,ขอวิธี เพิ่มส่วน progress note,ส่วนนี้ทางรพ.จะต้องมีการเปิดตั้งา ว่าสามารถแก้ไขผู้ป่วยที่ D/C
218,ห้องทำงานแพทย์,สามารถเพิ่มให้ ทพ. ทพญ. ลง progress note หรือกำหนด สิทธิ์ user แพทย์,กำหนด สิทธิ์ user แพทย์ จะสามารถเขียน progress note
219,ห้องทำงานแพทย์,ขอวิธีสร้าง template standing order,ให้วิธีการสร้าง
220,ห้องทำงานแพทย์,ถ้า รคส ผิดคน แต่ส่งคำสั่งแพทย์ไปแล้ว ยกเลิก,สามารถยกเลิกปุ่มนี้
221,ห้องทำงานแพทย์,ยกเลิก Admit คนนี้ พอดีเผลอกดแอดมิท แพทย์ยังไม่ได้ order,แพทย์สามารถออเดอร์ได้ที่ห้องทำงานแพทย์ได้เลยนะ
222,ห้องทำงานแพทย์,สั่งorderรอบเดียวระบบสั่ง lab 2 รอบ ห้องแล็บรับและทำ2รอบ ตรงนี้เกิดจากอะไร,มีการสั่งชุดนี้ใหม่ในhosนะ อันนี้จะเป็นรายการออโต้แลปจากhos
223,ห้องทำงานแพทย์,Azithromycin วิธีใช่ไม่ขึ้นAzithromycin วิธีใช่ไม่ขึ้นกัยจะภามว่ามีวิธีoffยาที่review treatในหน้านี้ เพราะไม่มีปุ่มoff,หากตอนการให้อยู่ในRTจะต้องกดreviewใหม่นะ
224,ห้องทำงานแพทย์,เช็คชาร์ทDischagre Doctor orderกับ progess note ไม่ขึ้น,Dischagre ยังไม่ลงลายเซ็น progessตรวจสอบอีกครั้ง
225,ห้องทำงานแพทย์,คนไข้ipd ที่มีแพทย์ร่วมดูหลายคน สามารถใส่ชื่อเพิ่ม มีปัญหาในการตามดูเคส consult,สามารถเพิ่มแพทย์ผู้ร่วมรักษาได้
226,ห้องทำงานแพทย์,ห้องยาnoteยาเดิมให้หมอไม่ได้ ดูให้น่อย เตียง11,เลือกวันที่ใบออเดอร์ที่ต้องการnoteก่อน และสามารถเพิ่มได้เลย
227,"ห้องทำงานแพทย์, Discharge Summary",เป็นแค่การบันทึกเพิ่มเติม ส่วนคำสั่งของแพทย์ ไม่เกี่ยวกับระบบอื่นใช่,แก้ไขได้ในส่วนของคำสั่งแพทย์
228,"ห้องทำงานแพทย์, ผู้ดูแลระบบ(Admin)",เช็คการนำเข้าลายเซ็นของหมอชนัญธิดา เหลื่อมมงคล ให้ที มันไม่ดึงมาที่ใบPE,คุณหมอยังไม่สร้างลายเซนต์ที่ผู้ดูแลระบบ
229,"ห้องทำงานแพทย์, ห้องพยาบาล",ขออนุญาต กรณีหมอทำแอดมิทผิดคน พยาบาลยังไม่ได้กดรับออเดอร์ สามารถย้ายข้อมูลมาอีกคร,หากทำแอดมิทผิดคน ทีมแนะนำให้ user ที่เขียนใบออเดอร์ กด ยกเลิกคำสั่งแพทย์ได้
230,"ห้องทำงานแพทย์, ห้องพยาบาล",เวลาจะกลับไปดู order หน้าเดิมแล้วยังorder ไม่เสร็จมันจะเด้งหายไป มีวิธีทำให้ไม่หายไป,ส่วนนี้อยู่ในขั้นตอนพัฒนาอยู่
231,"ห้องทำงานแพทย์, ห้องพยาบาล","ฝาก it ล็อคการดูผล anti-HIV ,cd4, HIV viral load ให้ดูผลได้เฉพาะ user ของแพทย์เท่านั้น ใน hosxp ล๊อคแล้ว จะสามารถดูได้เฉพาะแพทย์ และผู้ที่เกี่ยวข้องกับคลินิก ARV ใน hosxp ล็อดแล้วแต่ใน neo ผู้ใช้งานแจ้งว่าดูได้ทุก user เลย ฝากผู้เกี่ยวข้องตรวจสอบ",เรื่องนี้ทีมขอนำเรื่องส่งเสนอกับทางทีมพัฒนาระบบให้ก่อน เนื่องจากการแก้ไขข้อมูลบางส่วนจะมีผลกระทบกับโครงสร้างหลัก จะต้องให้ทีมตรวจสอบและเก็บรวบรวมข้อมูลในส่วนนี้ หากมีการพัฒนาหรือเริ่มดำเนินการในเรื่องนี้ทางทีมจะแจ้งให้ทราบโดยทันทีอีกครั้ง
232,"ห้องทำงานแพทย์, ห้องพยาบาล",สอบถาม ถ้าเพิ่ม user ใน neohos โดยที่ใน hosxp ไม่ได้เพิ่ม user ได้มั๊ย,สามารถเพิ่มที่ผู้ดูแลระบบได้นะ
233,"ห้องทำงานแพทย์, ห้องพยาบาล",กรณีที่แพทย์มี Order Lab ล่วงหน้า ไม่ขึ้นแถบสีน้ำเงินว่ามีออเดอร์มา ต้องสังเกตุตรงรูป tube lab ที่เป็นสีแดง,"สีเขียว ผล lab ออก สีส้ม แพทย์มีการ ออเดอร์ Lab ล่วงหน้า
สีแดงฟ้า แพทย์ มีการออเดอร์ Lab == หากหลอดหายไปแสดงว่าแพทย์อ่านผลLab"
234,"ห้องทำงานแพทย์, ห้องพยาบาล",เพิ่มเติม วินิจฉัยแรกรับ แพทย์แจ้งว่าKeyแล้ว แต่ไม่ขึ้น ยังไม่มีAN เนื่องจากยังไม่ยิงAdmit เปิดหน้าPE ขึ้นมาเพื่อโทส่งเวรขอเตียง แต่ไม่พบข้อมูล,เบื้องต้นทีมแนะนำให้ผู้ป่วยออก an แล้วอยบันทึกข้อมูลส่วนนี้ก่อนนะ เนื่องจากทีมกำลังหาสาเหตุกรณีผู้ป่วยยังไม่ออก an แล้วข้อมูลส่วนนี้ไม่บันทึกให้
235,"ห้องทำงานแพทย์, ห้องพยาบาล",ค่าlab ที่ order แล้วรับ order แล้ว ต้องการยกเลิก ต้อฃทำยังไงค้า,วิธีลบรายการ Lab ที่รับ order แล้ว แต่ออเดอร์ Lab จะเด้งกลับมาให้รับออเดอร์ใหม่อีกครั้ง หากไม่ต้องการให้ออเดอร์แสดงสามารถแจ้งทีมลบออกได้เลย
236,"ห้องทำงานแพทย์, ห้องพยาบาล",.. ถ้าแพทย์ D/C สั่ง lab วัน F/U ต้องกดตรง,ใช่แต่ตอนนี้ทำได้แล้วค่าา🙏🏻
237,"ห้องทำงานแพทย์, ห้องพยาบาล",เคสนี้มีการให้ยาที่ER ห้องยาในไม่เห็น,ยังไม่มีการรับออเดอร์ ทำให้รายการยาไม่ไปที่ห้องยา
238,"ห้องทำงานแพทย์, ห้องเวชระเบียน",ใบ death 13 หลักไม่ขึ้น AN: 680001176,แพทย์ไม่มีข้อมูลเลข 13 หนัก
239,ห้องผ่าตัด,ข้อมูลนี้ OR เป็นคนลงใช่,โดยส่วนใหญ่ OR จะลงข้อมูลส่วนนี้ให้
240,ห้องผ่าตัด,จาก OR ใส่ ช่อง Anesthesia ไปแล้ว แต่มากด view ดู ไม่มีขึ้น ในใบ Operative Note Appendic,มีส่งแก้ไขแล้ว
241,ห้องผ่าตัด,เรา set OR ไว้ตั้งเมื่อวาน เพื่อที่คนไข้จะเข้า OR วันนี้ แต่ฟอร์มปรอทขึ้น ขีดทับสีดำเหมือนได้รับการผ่าตัดแล้ว ซึ่งคนไข้รอดารผ่าตัดอยู่ยังไม่ได้รับการผ่าตัด,หากมีการลงบันทึกข้อมูลที่ส่วนนี้จะทำให้มีข้อมูลแสดงที่หน้าฟอร์มปปรอท
242,ห้องผ่าตัด,หน้านี้ เวลาผ่าตัดไม่ขึ้นหลังจากบันทึกแล้ว,มีรายการวันที่แสดง
243,ห้องผ่าตัด,update แล้ว ทำไมทางห้องผ่าตัดไม่สามารถกดสถานะการผ่าตัดได้,ยังไม่มีข้อมูลที่งานผ่าตัด ทำให้ไม่สามารถเลือกผ่าตัดเสร็จแล้วได้
244,ห้องผ่าตัด,"ระบบห้องผ่าตัด เมื่อผ่าตัดเสร็จสิ้น
จะเปลี่ยนสถานะ เป็นผ่าตัดเสร็จ 
แต่ขึ้นว่า แบบนี้ 
ขอช่วยตรวจสอบค่้",หากมีลง ข้อมูลแล้ว จะสามารถเปลี่ยนสถานะ ได้ ส่วนนี้ป้องกันเจ้าหน้าทีลืมลงรายการผ่าตัดที่จะต้องไปแสดงที่ฟอรมปรอท
245,ห้องผ่าตัด,ขึ้นแต่ในฟอร์มปรอทไม่ขึ้นoperation,ยังไม่มีการลงข้อมูลผ่าตัดที่ส่วนนี้
246,ห้องผ่าตัด,ช่วยตรวจสอบ operative note anas note ค่าใช้จ่ายผ่าตัดไม่ขึ้น,ยังไม่มีข้อมูลลงทะเบียนผ่าตัดนะค
247,ห้องผ่าตัด,ขออนุญาติ ทางneohost สามารถย้ายข้อมูลผ่าตัด ของนาย อุดม ทาหลี วันที่15/10168 HN 6800335 AN 680013419 ย้ายไปยัง AN 680013692,ส่วนนี้จะต้องลงทะเบียนใหม่ เนื่องจากทางทีมทดสอบย้ายข้อมูลแล้วไม่สามารถย้ายข้อมูลได้
248,ห้องผ่าตัด,สอบถามเรื่อง operative form ครับ เคสที่บันทึกแล้ว แต่เราต้องการเข้ามาแก้ไข ชื่อ scrub มองไม่เหนชื่อ ถ้า กด วิว จะเหน,ทีมกดที่เครื่องวางไฟล์ข้อมูลแสดงปกติ
249,ห้องผ่าตัด,ขออนุญาตในระบบneohos มีให้แพทย์เลือกประเภทแผลหลังผ่าตัดไหม เนื่องจากพยาบลต้องแยกประเภทแผล,แนะนำเอกสาร
250,ห้องผ่าตัด,ฟอร์มนี้มีรายเซ็นต์แพทย์ไหม,เอกสารส่วนนี้ไม่มีลายเซ็นแพทย์
251,ห้องผ่าตัด,ต้องการลบข้อมูลผ่าตัดหมายเลข1 ทำไง,ต้องลบที่ฐานข้อมูล
252,ห้องผ่าตัด,ลบฟอร์มนี้ลองลบเองแล้วไม่ออก an 680002006,ลบรายการสั่งผ่าตัด แล้วบันทึกอีกครั้ง
253,ห้องพยาบาล,admin ช่วยตรวจสอบยา,มีรายการ add ยาโดยไม่ผ่านใบออเดอร์ neo
254,ห้องพยาบาล,เรื่องการใช้งานหากมี admit paperless ห้องยาจะทราบได้อย่างไร,แก้ไขเรียบร้อย
255,ห้องพยาบาล,"อาจารย์ขา
ในกรอบชื่อผู้ป่วยที่เป็นสีแดงจากอะไร เป็นAlert ที่พบว่าผิดปกติหรือไม่ แล้วทำอย่างไรจึงจะหายไปได้อาจารย์",มีลงประวัติล่าสุด v/s 38 หากผู้ป่วย temp 38 ขึ้นไป ในส่วนการลงข้อมูลที่ DTX รายชื่อผู้ป่วยจะเป็นสีแดง
256,ห้องพยาบาล,ช่วยลบข้อมูล ลงวันที่ผิด AN 2349,จะต้องเป็นเจ้าหน้าที่ ที่เซ็นต์ยาเข้าไปลบ
257,ห้องพยาบาล,re med ค่าเตียง ค่าบริการ,แก้ไขเรียบร้อย
258,ห้องพยาบาล,ประเด็นคนไข้มีประวัติแพ้ยา แต่สั่งยาที่แพ้ได้,ไม่มีติ๊กห้ามสั่งใช้ไว้ะ
259,ห้องพยาบาล,admin ยกเลิก การ off ยา manidipine ที่เป็นยากลับบ้านลำดับที่ 8 ของนางมะลิ รุ่งฉัตร HN 440010446,สามารถยกเลิกได้ที่หน้าใบออเดอร์ เลยะ
260,ห้องพยาบาล,เรื่องการจัดหมวดเอกสาร การคีย์ค่าห้อง,ให้ข้อมูลเรียบร้อย
261,ห้องพยาบาล,เรื่ื่องฟอร์มเอกสารที่ขอมา,ให้ข้อมูลเรียบร้อย
262,ห้องพยาบาล,เรื่ื่องการลงหัตถการ,ให้ข้อมูลเรียบร้อย
263,ห้องพยาบาล,"ช่วยยกเลิกการ off lorazepam ,",สามารถยกเลิกได้ที่หน้าใบออเดอร์ เลย
264,ห้องพยาบาล,ขอว่าโปรแกรมNeohos. สามารถแจ้งเตือนกรณีมีการลืมให้ยาหรือให้ยาผิดเวลา (แจ้งรายบุคคล),ส่วนนี้จะยังไม่มีแจ้งเตือนรายบุคคล จะมีการแจ้งเตือนใกล้ถึงเวลาให้ยาที่หน้าการทำงาน nures station
265,ห้องพยาบาล,ผลelectrolyte ไม่ขึ้นในระบบ,ผลยังไม่แสดงที่ฐานข้อมูล
266,ห้องพยาบาล,"ทางทีมช่วยดูcaseนี้ AN2577 เนื่องจากcase นี้เป็นการ run ยาต่อเนื่อง 3-4วัน ,17 dose ในorder one day ตอนคีย์ สามารถ คีย์ได้ปกติ ได้เเค่ วันที่ 3-4 ระบบจะสามารถ run จนครบ dose จนถึงวันที่ 6เลย",order one day จะแสดงได้เพียง 24 ชม. เช่น สั่ง14.00 วันที่3 ยาจะ off วันที่ 4 เวลา 14.00 ไม่สามารถรันถึงวันที่ 6 ใช่่ เคสนี้จะต้องออเดอร์ใหม่ แต่หากพบในเคสอื่นที่ต้องการสั่งจ่ายเกิน 1 วัน แนะนำเป็นออเดอร์ continuation เมื่อจ่ายยา ครบก็สามารถ off ยาได้
267,ห้องพยาบาล,ผมว่าตรงประเภทผู้ป่วยแยกสีค่อนข้างดีมาก แต่ประเมินจากตรง,เอกสารทางการพยาบาล 103
268,ห้องพยาบาล,เตียง 8 นางทัศน์ AN 2457 พอดีเซ็น NPH 4 u sc ผิด ต้องการลบ ขอแก้ไข,เร่งติดตามให
269,ห้องพยาบาล,อาจารย์ แก้ Fortum ให้เป็น 06.00,สามารถเลือกรายการยาและบริหารเป็นเวลา 06.00 ได้เลย
270,ห้องพยาบาล,680008768 ใบ Mar ใบวิวชื่อยาแสดงเป็นค่าว่าง,คีย์ยามาจาก hos แล้วก็ลบออกจากใบสั่งยา และหน้า Current
271,ห้องพยาบาล,ลบ mixtrad เวลา 18.00น.ออก,จากการตรวจสอบ เป็นการบริหารเวลาให้ยามาเอง
272,ห้องพยาบาล,เรื่องการลบยาที่เซ็นแล้ว ใบ Mar V.2,ให้คำแนะนำ
273,ห้องพยาบาล,ชื่อแพทย์มีคำนำหน้าซ้อนกัน,แก้ไขเรียบร้อย
274,ห้องพยาบาล,แล้วถ้าสร้าง standing order ที่มียา แต่ไปพิมพ์ชื่อใน special order เลยที่ไม่ได้กดจากคำว่าสั่งยา แสดงว่ารายการยาจะไม่ลิงค์ในใบMAR ใช่,รายการยาที่มาจาก standing order จะลิงค์ไปที่ใบ mar. ส่วนรายการ special order จะไม่ลิงค์ไปที่ใบ mar.
275,ห้องพยาบาล,ออนุญาต เราสามารถแก้ไขเวลา,เข้าที่แว่นขยาย เลือกรายการแล้วลบเซ็นต์ยาออกก่อน หลังจากลบเซ็นต์ยา ให้เลือกเวลาที่ถูกต้องก่อนค่อยเซ็นต์ให้ยาอีกครั้ง
276,ห้องพยาบาล,พี่ order มันขึ้นเป็นวันที่ 10 แก้ วันที่ยังไง คือไม่ได้ order 10/7/68 06.00 แต่ว่ามันเด้งเป็นเวลานั้นได้ยังไงก็ไม่รู้,เขียนใหม่จะต้อง new ออเดอร์
277,ห้องพยาบาล,med เป็น null,แก้ไขเรียบร้อย
278,ห้องพยาบาล,Case นี้แพทย์สั่ง CxR ล่วงหน้าวันที่ 10/7/68 แต่แพทย์ไม่ได้แก้วันที่แล้ว order CxR มันไปขึ้น วันที่ 9/7/68 6.00น. ต้องแก้ยังไง,มีลบรายการเลข xn นี้แล้วใช่
279,ห้องพยาบาล,แล็บมาในนีโอไม่หมด,ประวัติ lab จะแสดงที่ส่วนนี้
280,ห้องพยาบาล,พี่ I/O ขอลงแบบเลขติดลบ บางเคสเป็นเคสล้างไต มันจะมีได้กำไรกับขาดทุน,ส่วนนี้จะยังไม่สามารถลงข้อมูลเลขติดลบได้ เสนอทีมพัฒนา
281,ห้องพยาบาล,พี่ดูใบมา ของคนไข้ชื่อสมทรงประสบธรรมพอดีจะพิมพ์ใบมาแล้วมันไม่ออก,ไม่เลือกกรอง
282,ห้องพยาบาล,พี่มีช่องให้ลง blood lactate คั อันนี้เป็นผลเลือดที่แสดงถึงการติดเชื้อว่ามากหรือน้อยลงหนูอยากได้ลงตรง DTX กับ Hct เพิ่มให้,"แนะนำให้สามารถลงข้อมูลในส่วนนี้โดยพิมพ์เพิ่มในส่วนหน้าลงข้อมูลฟอร์ม ลงข้อมูล RECORD V/S ,LAB/การรักษาที่ได้รับ"
283,ห้องพยาบาล,ถ้าจะ review tx ต้องสั่งยาใหม่ทั้งหมดเลย,แนะนำการใช้งานการ Review Treatment
284,ห้องพยาบาล,"เพิ่มเติมข้อมูล lab Hct, Dtx lactate จะเป็นหัตถการ bedside ไม่ได้ส่งห้องแลป อยากให้พยาบาลสามารถใส่ผลเพื่อโชว์ให้แพทย์ดูได้ จะโชว์ในฟอร์มปรอท หรอ เพิ่มช่อง lactate หน้านี้ไม่มี lactate แนะนำลงแบบดี","แนะนำให้สามารถลงข้อมูลในส่วนนี้โดยพิมพ์เพิ่มในส่วนหน้าลงข้อมูลฟอร์ม ลงข้อมูล RECORD V/S ,LAB/การรักษาที่ได้รับ"
285,ห้องพยาบาล,ช่วย off order นี้ของ HN 22699,สามารถ off รายการยาได้ที่หน้าใบออเดอร์
286,ห้องพยาบาล,ดูมันไม่ขึ้นในใบ*mar*,จากการตรวจสอบยาเป็นยา one day มีรายการสั่งมาเวลา 11.38 น. รายการยาจะแสดงได้เพียง 24 ชม. ยาจะ off ในวันพรุ่งนี้ เวลา 11.38 น.
287,ห้องพยาบาล,จะupload เอกสารเพิ่มเติม กับคนไข้ที่d/c แล้ว,จะต้องเพิ่มกลุ่มเอกสารก่อน
288,ห้องพยาบาล,Key1รายการ แต่เวลาenter เพิ่มลงมา2รายการ แก้ไข,ตอนนี้ทางทีมตรวจสอบพบว่ารายการ Ato ก็เป็นรายการผูกกันมา
289,ห้องพยาบาล,แพทย์มีคำสั่งนอนรพ. 14/7/68 แต่ ฟอร์มปรอทขึ้นตั้งแต่ 13/7/68,เนื่องจากคนไข้มา admit วันที่ 13/7 ฟอร์มปรอทจึงขึ้นวันที่ 13/7 มา
290,ห้องพยาบาล,ใบเบิกอาหารประจำตึกขึ้นเตียงไม่ครบขึ้นแค่ 20เตียงเช็ค คนไข้จริงมีเกือบ 40 คน ขึ้นแค่นี้ ตอนนี้เลยต้องอิงจากสติ๊กเกอร์,พิมพ์จากหน้าการทำงานนี้ ไม่ได้เลือกหน้า
291,ห้องพยาบาล,หน้านี้สามารถกดเลือกยาเฉพาะตัวยาที่จะปริ้นฉลากยา,ส่วนนี้ยังไม่สามารถทำได้
292,ห้องพยาบาล,ลง105 ไม่ได้,มีข้อมูลส่วนมีอักขระพิเศษ หรือข้อมุลมากกว่าปกติ หรือข้อความส่วนcopyมาอาจจะมีอักขระติดอยู่
293,ห้องพยาบาล,เรื่องที่จะปิดกั้นระบบmar ver.เดิม สมารถทำได้หรือยัง,จะต้องให้คนไข้ที่ใช้ v.1 จำหน่ายทั้งหมดก่อนถึงจะสามารถปิด ใบ mar v.1 ได้
294,ห้องพยาบาล,อันนี้ เป็น prn,มีการแก้ไข
295,ห้องพยาบาล,"ปรึกษา บันทึกเพิ่มเติมผู้ป่วยบางครั้งก็เพิ่มได้
บางครั้งกดแล้วก็ไม่ขึ้นให้พิมพ์pop up ต้องแก้ยังไง",ส่วนนี้เพิ่มที่ระบบเดิมก่อน หลังจากอัพเดทระบบจะสามารถเพิ่มที่ neo ได้เลย เนื่องจากหากไม่มีลง note ที่ระบบเดิม ที่ neo จะไม่สามารถลงข้อมุลได้
296,ห้องพยาบาล,ขอ กรณีเราเบิก nss ในการผสมยาฉีดที่แพทย์สั่งยา continue เช่น ceftri clinda โดยให้เวลา add chart จะมีในรายการโดยไม่ต้องพิมพ์ใหม่ต้องทำอย่างไร,ยาผสมจะต้อง มีการเพิ่มรายการไปที่รายการนั้น เช่นตัวอย่างนี้
297,ห้องพยาบาล,รับorderแล้วมันไม่ไปห้องยา,ส่วนนี้คือการตอบกลับไม่ใช่รับออเดอร์
298,ห้องพยาบาล,เคสนี้ลงข้อมูลผ่าตัดแล้ว แต่เครื่องหมายกากบาทยังไม่ขึ้น,บันทึกผ่าตัดใหม่
299,ห้องพยาบาล,แก้ไข ใบ Mar เซ็นไม่ได้,แนะนำให้แก้ไขจำนวนที่หน้า Current Profile ให้ใส่เป็น 0
300,ห้องพยาบาล,ขออนุญาต ที่ขึ้น สีแดงคืออะไร,มีลงประวัติล่าสุด v/s 38 หากผู้ป่วย temp 38 ขึ้นไปในส่วนการลงข้อมูลที่ DTX รายชื่อผู้ป่วยจะเป็นสีแดง
301,ห้องพยาบาล,คนไข้ 0n MO แต่ไม่มีขี้น icon hight alert drug,รายการยานี้ยังไม่ถูก custom from
302,ห้องพยาบาล,พอดีลองใช้ใบ HAD แต่พอรับ order แล้วลงบริหารยาแล้ว ไม่ทราบว่า ใบติดตามจะขึ้นตรง,แก้ไขรียบร้อยมีค่าว่าง
303,ห้องพยาบาล,ระบบ มี การแจ้งเตือนให้กับแพทย์ผู้สั่งจ่ายยา ว่า มีการสั่งorderซ้ำ,มีแจ้งเตือนนี้อยู่
304,ห้องพยาบาล,แพทย์มา order แล้วไม่ขึ้นให้รับ order,เนื่องจากมีการเขียนออเดอร์บนใบ ออเดอร์ Lab ล่วงหน้า
305,ห้องพยาบาล,ไม่ทราบว่าได้เพิ่ม Department of service ศัลยกรรมกระดูกและข้อให้ยัง และขอเพิ่ม ward ศัลยกรรมทั่วไป/ศัลยกรรมกระดูกและข้อ ในเอกสาร122,มีส่งแก้ไขแล้ว
306,ห้องพยาบาล,สั่ง off tazocin แต่ใบ mar ไม่off,ส่วนนี้เป็นกรายการบันทึกเพิ่มเติม
307,ห้องพยาบาล,ไม่off ยาให้,จะต้อง off ที่ส่วนนี้ แล้วกดบันทึก off รายการยาถึงจะ off
308,ห้องพยาบาล,Hold MFM รอบ13:00น.คนนี้,วนนี้สามารถยกเลิกเซ็นยาแล้วกด hold ได้เลย เคสนี้ใช้ใบ Mar เวอร์ 2 สามารถลบรายการเซ็นจ่ายเองได้เลย กดที่แว่นขยาย user ท่านเป็นคนเซ็นต้องเป็น user ท่านนั้น ถึงจะมีสิทธิลบได้
309,ห้องพยาบาล,รายการไม่ขึ้น,ไม่พบประวัติการเขียนใบออเดอร์ล่วงหน้า
310,ห้องพยาบาล,ตั้งยาแล้วไม่ขึ้นในmarค่า,เนื่องจากเป็นรายการเวชภัณฑ์มิใช่ยา เลยทำให้รายการไม่เข้าที่ใบ mar.
311,ห้องพยาบาล,ฝากเช้ค an 680004691. นอนวอดชาย ค่าใช้จ่ายเกินมา,มีแอดเพิ่มมา
312,ห้องพยาบาล,ยกเลิก Resolved ปัญหาที่2,ผู้ใช้ที่ลงข้อมูลสามารถนำติ๊ก ออกได้
313,ห้องพยาบาล,⑧ ∞ ⑥ อาจารย์ ดูใบ MAR เคสนี้ ยาCPM กับGG ไม่มีให้ลงชื่อในใบ MAR,มีตั้งค่าไว้ให้ ทุกๆ 4 วัน ทำให้รายการยาไม่แสดง
314,ห้องพยาบาล,ตั้ง lab ล่วงหน้า เป็นฝั่ง conแล้ว แต่ไม่สามารถ บันทึกคำสั่งแพทย์ได้,ได้แล้ว พอจะกดออกหน้าจอ ขึ้นแจ้งเตือนว่า ให้พิมพ์ progress อย่างใดอย่างนึงก่อน
315,ห้องพยาบาล,อาจารย์ ขึ้นแบบนี้ แก้ไขยังไงรับออเดอร์ยาไม่ได้,มีการรับออเดอร์เข้ามาแล้ว
316,ห้องพยาบาล,การเงินแจ้งว่ายอดไม่ตรง,ส่วนนี้ทางทีมนำยอดมาจากฐานข้อมูลรพ. ยอดรวมตรงกันกับหน้าใบค่ารักษา
317,ห้องพยาบาล,คนไข้ชำระเงินค่าห้องไม่ขึ้น,น่าจะเป็นนการออโต้ค่าบริการจากระบบhosxp น่าจะต้องกดเข้าไปดูรายละเอียดผู้ป่วยในhosระการถึงจะออโต้
318,ห้องพยาบาล,ขอสอบค่ากรณีทำ Discharge ไปแล้ว แต่ต้องการยกเลิก discharge ต้องทำยังไง,ต้องเข้าไปยกเลิกในระบบเดิมปัจจุบันระบบยังไม่มีฟังชั่น ยกเลิกadmit ยกเลิกdischarge อาจต้องทำในระบบเดิมก่อน
319,ห้องพยาบาล,วันนี้ไม่มีไข้แล้ว ลง Temp 37.1 แล้วตัวแดงจะหายไปเมื่อไหร่,ลงข้อมูลส่วนนี้แล้ว ได้มีการบันทึกไปที่ RECORD V/S เนื่องจากหน้าการทำงานในส่วนของ DTX ข้อมูลล่าสุดอุณหภูมิ 39.4 องศา เลยทำให้รายชื่อยังเป็นสีแดงอยู่
320,ห้องพยาบาล,พี่ ทำD/C แล้วขึ้นแบบนี้ 2 รอบ ลงข้อมูลฟอร์ม 35,ได้แล้วค่า ใส่ยาเยอะเกินไป ไม่เซฟให้ เลยลบออกใส่แค่บางตัว
321,ห้องพยาบาล,พี่แอดมินแก้ไขรายชื่อให้เป็นสีดำ ไม่รู้ขึ้นสีแดงเพราะอะไร,มีลงประวัติล่าสุด v/s 38 หากผู้ป่วย temp 38 ขึ้นไปในส่วนการลงข้อมูลที่ DTX รายชื่อผู้ป่วยจะเป็นสีแดง
322,ห้องพยาบาล,"ขึ้นแบบนี้ ทำยังไง
เข้าไปสรุปชาร์ต ไม่ได้
AN 680002696",ยังไม่มีลงข้อมูล
323,ห้องพยาบาล,ไม่ขึ้นให้กดรับorder,เป็นรายการสั่ง Lab และ Xray จะแสดงสัญลักษณ์ที่วง หากมีรายการสั่งออเดอร์ยาหรือรายการอื่นๆจะแสดงแฟ้มสีน้ำเงิน
324,ห้องพยาบาล,จากห้องคลอด ในกรอบสีแดงเซ็นยา dose ต่อไปไม่ได้ เหลืออีก 3 dose คือ 20.00 02.00 08.00,แก้ไขเรียบร้อย
325,ห้องพยาบาล,เคสนี้ ยา ibuprofen ไม่ขึ้นในใบ mar เมื่อเช้ายังขึ้น แต่พอจะเซ็นยาตอนเที่ยงยา ibu ไม่ขึ้นในระบบ ดู,"มีลงข้อมูลจ่ายยาทุกๆ 4 วัน ทำให้วันที่ 1,2,3 ไม่มีรายการเซ็นยา จะมีรายการอีกครั้งคือนวนที่ 4"
326,ห้องพยาบาล,ขออนุญาต แต่ว่าตัวยาขึ้น off ให้ แบบนี้คือ off ไปแล้ว หรือว่ายังไม่ off พอดีจะเข้าไปแก้ไขเวลาให้ยา แต่ไม่มีตัวยาขึ้นให้เปลี่ยนเวลา,รายการยา one day จะขึ้น off ในวันถัดไป 24 ชม. เวลา off เช่นสั่งวันนี้ตอน 08.00 น. ยาจะ off วันถัดไปเวลา 08.00 น.
327,ห้องพยาบาล,ในส่วนของใบ MARS* ของ ward หลังอัพเดท แล้ว สามารถใช้,สามารถใช้ได้เลย
328,ห้องพยาบาล,admin แก้การเซนต์ยาเป็นของวันที่ 1 เซนต์ผิดวัน,สามารถกดที่แว่นขยาย สามารถลบรายการเซ็นยาได้เลย แต่จะต้องเป็นเจ้าหน้าที่ ที่เซ็นยาเข้ามาลบให้
329,ห้องพยาบาล,การเปลี่ยนสถานะเป็นNeoตัวสีแดงทำอย่างไร Admit caseใหม่ HW09,ติ๊กถูกที่ paperless หน้ารายละเอียดผู้ป่วย
330,ห้องพยาบาล,"AN 680002092 แฟ้มเวชระเบียน ขาดฟอร์ม D/c sumary กับinfrom concent 
ไม่แน่ใจต้องแก้ไขส่วนใด ตรวจสอบ",ยังไม่มีรายการบันทึกข้อมูล
331,ห้องพยาบาล,ตัว B สีฟ้าคืออะไร,เป็นสัญลักษณ์แสดงประเภทผู้ป่วย หากมีการลงข้อมูลที่เอกสารพยาบาล 103
332,ห้องพยาบาล,Case นี้ key Ct 2 รอบ,ส่วนนี้เป็นรายการที่โอนมาทีมไม่สามารถแก้ไขได้
333,ห้องพยาบาล,กรณี Nurse note ซ้ำกัน แล้วต้องการลบออก ทำยังงัย,จะต้อง log in เป็นชื่อเจ้าหน้าที่ ที่ลงข้อมูล ถึงจะสามารถลบรายการออกได้
334,ห้องพยาบาล,ลบรายการสั่ง Lab,แก้ไขเรียบร้อย
335,ห้องพยาบาล,ข้อมูลการลง MR,แนะนำ
336,ห้องพยาบาล,BCG ไม่ขึ้นให้เซ็นยา,ผู้ป่วยที่จำหน่ายแล้ว จะไม่สามารถเซ็นจ่ายยาย้อนหลังได้
337,ห้องพยาบาล,ลบรายการ การล้างกระเพาะปัสสาวะ ของคนไข้ชื่อ ภาริษา AN680001173 ลองลบเองแล้วบันทึกไม่ได้,รายการโอนมาจาก opd จะไม่สามารถลบรายการออกได้ที่หน้านี้
338,ห้องพยาบาล,"ขอโปรแกรม neo มีระบบ
1.ระบบแจ้งเตือนชาร์ตค้างสรุป
2.ระบบการล็อก feature บางอย่างเช่นการส่ง order แพทย์หากมีชาร์ตค้างสรุปเกิน 7 วัน
หรือมี function อะไรบ้างที่เกี่ยวกับเรื่องสรุปชาร์ท",ส่วนนี้จะยังไม่มี function เกี่ยวกับเรื่องสรุปชาร์ท
339,ห้องพยาบาล,ถ้าจะเซฟไว้ก่อนแล้วมาทำต่อ กดตรง,ติ๊กแก้ไขทั้งหมด ส่วนนี้เอกสารจะบันทึกให้
340,ห้องพยาบาล,Case นี้กดรับ order ไม่ได้ ตรวจสอบ,มีเจ้าหน้าที่ท่านอื่นเข้าใช้งานอยู่
341,ห้องพยาบาล,เรื่อง Order ที่แพทย์เป็นคนคีย์ admit เอง แต่ว่าเพราะอะไรผู้สั่งถึงเป็นชื่อพยาบาล,แนะนำ
342,ห้องพยาบาล,เรื่องการลงข้อมูลและแก้ไขข้อมูล,แนะนำ
343,ห้องพยาบาล,ขออนุญาต ยาที่ถูกoff จะไม่ขึ้นมาตรงหน้าที่รันยาเหรอ พอดียาBerodualขึ้นว่า off แต่การให้ยายังไม่สิ้นสุด คาดว่าเวรก่อนหน้ารันยาผิดเลยทำให้ถูกoffไป จะแก้ให้ยาberodualกลับคืนมาในระบบยังไง,ในส่วนของยา oneday จะยังไม่ขึ้น off ในวันที่สั่ง แต่จะแสดง off วันถัดไปให้
344,ห้องพยาบาล,มี Oder ในหน้าคำสั่งแพทย์แต่ในส่วนของระบบห้องยาไม่มีชื่อคนไข้ขึ้น และในhos xp ก็ไม่มีรายการยาขึ้น,ยังไม่ได้รับออเดอร์ หากรับออเดอร์แล้วจะมีติ๊กถูกด้านหลัง
345,ห้องพยาบาล,ฝากเช็คหมอเเจ้งว่า ออร์เดอร์วันที่ 9/9 ตอน admit หาย หมอนออร์เดอร์ล่วงหน้า ไม่แน่ใจว่าได้กดรับ หรือหายไป?,ยังไม่ได้นำเข้า ออเดอร์ล่วงหน้า
346,ห้องพยาบาล,"แล้วถ้ากรณีแบบนี้ 
-ผป มี metformin
-แพทย์ remed มา ตั้งใจ จะ hold แต่กด off
-order ที่ส่งมาห้องยาไม่มี metformin 

ในใบ mar จะยังขึ้น metformin",metformin ยังแสดงงแต่จะแสดงoff ต่อท้าย
347,ห้องพยาบาล,ย้ายHN650015048 ด.ช. จิรภัทร สุระเสียงย้ายจาก 202 มาห้อง 304,แก้ไขเรียบร้อย
348,ห้องพยาบาล,แถบซ้อนกันเวลาเปิดหน้า medication profile,รีเฟรช
349,ห้องพยาบาล,ดูไลน์ส่วนตัวนิดนึง ไม่ได้รีเฟรชหน้าจอ เป็นเวอร์ชั่นเดิม,รีเฟรช
350,ห้องพยาบาล,อยากทราบว่า หลอดทดลองที่ขึ้นหน้าของ nurse station. ไม่มี,ตัวหลอดทดลอง ทีมตรวจสอบแล้ว หากเป็นรายการที่มา OPD หรือส่วนอื่นๆจะไม่แสดง หากมีรายการสั่ง Lab จาก Neo จะแสดงไอคอนหลอดทดลอง เช่นในผู้ป่วย 1 คน หากมีรายการ Lab จาก Opd อย่างเดียวจะไม่แสดงหลอดทดลอง แต่ถ้าหากคนไข้ท่านนั้นมีการสั่ง Lab ผ่าน Neo จะแสดงหลอดทดลอง
351,ห้องพยาบาล,พอกดเข้าไปในกูเกิลก็ให้ใส่อีเมลล์และรหัสผ่าน,กดส่วนที่ว่างให้แจ้งเตือนนี้ออก เนื่องจากเป็นการแจ้งเตือนของ google
352,ห้องพยาบาล,ที่ระบบยาใบMAR มีปัญหาบ่อยๆเกิดจากอะไร จะได้ตามแก้ระบบให้ได้ถูกค่าา,ระหว่างที่กดรับออเดอร์มี error อะไร เนื่องจากทีมพบค่าว่างที่ช่องนี้
353,ห้องพยาบาล,ลบ 2 อันล่าง,จะต้องเป็นเจ้าหน้าที่ ที่ลงข้อมูลเข้ามาลบ
354,ห้องพยาบาล,เรื่องวันนัดครั้งถัดไปในระบบ MR ไม่แสดงในโปรแกรม,โดยปกติแล้ว หากมีการทำนัดหมายก่อนที่จะเลือกใช้ยา MR ระบบจะดึงวันที่นัดล่วงหน้ามาแสดงให้อยู่ แต่ถ้าหากมีการใช้ยา MR ก่อนที่จะทำการนัดหมายระบบจะยังไม่สามารถดึงข้อมูลส่วนนี้มาแสดงให้ได้
355,ห้องพยาบาล,ดูorder caseนี้ให้บ้าง แพทย์สั่งยากลับบ้าน เลือกยาทุกตัวแล้ว แต่ข้อมูลไม่ลิ้งค์มาในหน้าorder ต้องแก้ไขตรง,แก้ไขเรียบร้อย
356,ห้องพยาบาล,ขออนุญาต รันยาmg ถึงวันที่13 แต่วันนี้ไม่มีขึ้นในใบมาร์ให้เซ็น,ส่วนนี้จะบริหารยาได้เพียง 2 วัน เช่นรายการนี้จะสามารถบริหารได้เพียงวันที่ 11 และ 12
357,ห้องพยาบาล,เห็นส่วน note จาก neo สามารถตั้งการแจ้งเตือนได้ แต่ HIS note กำหนดการแจ้งเตือนไม่ได้,ส่วนนี้หาก note มาจาก hos จะยังไม่สามารถปิดที่ neo ได้
358,ห้องพยาบาล,เรื่องการบันทึกพยาบาล ล๊อค,แก้ไขเรียบร้อย
359,ห้องพยาบาล,ขอว่าถ้าใบมาไม่ได้ลงชื่อคนไข้D/C แล้วกลับมาแก้ไข แล้วถ้าD/C แล้ว เราเซนย้อนหลัง ยกเลิกD/Cแล้วเซน ตรงใบเซนยา บางเคสลืมเปลี่ยนเวลา เช่นยากิน8โมง เราเผลอกดไปตอนตี1 แต่มาคลิกแก้เวลาไม่ได้แล้ว ถ้าเรายืนยันสามารถแก้ไขเวลา,หาก D/C ไปแล้วจะไม่สามารถเซ็นยาย้อนหลังได้ แต่หากยกเลิก D/C สามารถเซ็นยาย้อนหลังได้ สามารถลบชื่อเซ็นยาและแก้ไขเวลาก่อนทำการเซ็นใหม่ได้ แต่จะสามารถแก้ไขได้จะต้องเป็นเจ้าหน้าที่ชื่อเดียวกันกับช่องผู้ให้ยา
360,ห้องพยาบาล,ช่วยดูยา..ไม่ได้ off แต่ขึ้นเอง,รายการยา one day จะขึ้น off ในวันถัดไป เนื่องจากเป็นรายการยาที่สั่งมาเมื่อวาน วันนี้รายการยาเลยแสดง off แต่ตัวยาจะแสดงครบ 24 ชม.
361,ห้องพยาบาล,พอดีหมอคีย์แล็บมาเมื่อวานแล้ว แล้วต้องการคีย์แล็บอันเดิมในที่คุณหมอคีย์เพิ่มเวลาห้อง lab หลับแล็บแล็บที่คีย์เพิ่มมันไม่ขึ้น,ใช่ไม่สามารถแก้ไขได้
362,ห้องพยาบาล,Post op 14.00 น แต่ไปขึ้นช่อง 18 น แก้ตรง,ส่วนนี้มีส่งแก้ไขให้อยู่ หากเรียบร้อยและทดสอบใช้งานสมบูรณ์แล้วทางทีมจะแจ้งอัพเดทให้อีกครั้ง
363,ห้องพยาบาล,ฝากแก้เอกสารให้เหลือ 1 อัน,รายการถูกลบออกไปแล้ว
364,ห้องพยาบาล,ช่วยดู ชื่อแพทย์ไม่ลิ้งมา,จากการตรวจสอบยังไม่มีการลงข้อมูลแพทย์เจ้าของไข้
365,ห้องพยาบาล,แอดมินสามารถดูว่าแอดมิดจากที่ใด,ส่วนนี้ทางทีมไม่สามารถตรวจสอบได้
366,ห้องพยาบาล,Caseนี้แลบที่เจาะตอนเจาะที่OPDไม่โชว์หน้าสั่งแลบมีแค่แลบที่เก็บหลังแอดมิทเข้ามาแล้ว,รายการที่ OPD จะแสดงที่ประวัติ lab
367,ห้องพยาบาล,กรอกรหัส ICD-10 = E43 แต่ในระบบขึ้นว่ามีรหัสนี้แล้ว ทั้งที่ยังไม่ได้กรอกรหัส แก้ไข,มีรหัสอยู่ที่หน้าการทำงานนี้
368,ห้องพยาบาล,ตรวจสอบdrug profile แล้ว ก็ใส่จำนวนยาละ,แจ้งให้เช่นอีกครั้ง
369,ห้องพยาบาล,ห้องแลปฝากถาม ห้องแลปจะสามารถเข้าแก้ไขรายการสั่งแลปได้เมื่อไหร่ จะได้ไม่ต้องโทรให้วอร์ดคอยแก้ไข เวลาสั่งแลปไม่ถูก หรือไม่ตรง (เพราะมีรายละเอียดบางอย่างที่บางทีแพทย์หรือวอร์ดติ๊กไปไม่ครบ)ห้องแลปจะแก้ไขเองเหมือนใน hosxp,สามารถให้คุณหมอคีย์สั่ง ผ่านรายการบันทึกเพิ่มเติม และห้อง lab คีย์สั่งได้เอง ห้อง lab จะสามารถแก้ไขได้เอง
370,ห้องพยาบาล,เรื่องการนำเอกสาร Scan เข้าระบบ NeoIPD ถ้าผู้ป่วยจำหน่ายแล้ว,แนะนำ
371,ห้องพยาบาล,เรื่องการดูประวัติ Admit รอบก่อน,แนะนำ
372,ห้องพยาบาล,ส่วนนี้ หน้าจอขึ้นแค่ ระบบผปในเอง จะเพิ่มเอกสาร,ส่วนนี้สามารถให้เจ้าหน้าที่ admin ของรพ.เพิ่มเอกสารให้ได้เลย
373,ห้องพยาบาล,OPD ฮอด มีคนไข้ admit จาก opd เข้าไปที่ ward ชื่อ น.ส. สุภานันท์ ปาระหมู่ HN 74030 แต่ที่ วอร์ดเป็น order ของคนไข้อีกคนหนึ่ง,คนไข้อีกท่านยกเลิกadmit แล้วใช่ หากยกเลิก แล้วสามารถยกเลิกคำสั่งแพทย์ได้
374,ห้องพยาบาล,ATO คือคีย์ ใน neo ?,"IRx คือ รายการสั่งยาจากผู้ป่วยใน
ATO คือ รายการค่าใช้จ่ายที่ขึ้นอัตโนมัติ
TRx คือ ยาที่โอนมาจากแผนก OPD"
375,ห้องพยาบาล,ถ้าหากว่าต้องการแก้ไขเวลาlab จาก 12 เป็น 14 ให้แก้ยังไงนะ 😁😁,ส่วนนี้ยังไม่สามารถแก้ได้เอง สามารถแจ้งเลขAN ได้
376,ห้องพยาบาล,เอกสาร 103 ตรง เวช ชบด ดชบ กดแก้ไข แล้วเข้าใหม่ เปลี่ยนทุกครั้ง,ส่วนนี้สามารถให้ผู้ดูและระบบ เลือกได้ หากยังไม่ได้ติ๊ก จะเป็นเช้า บ่าย ดึก
377,ห้องพยาบาล,แอดมินช่วยตรวจสอบให้ ยาครบแล้วแต่กด off ไม่ได้ เป็นยานอก HN 46362,ยานอก หยุดใช้ที่หน้าการทำงานนี้
378,ห้องพยาบาล,ยกเลิกการ off ยา cefazolin,แก้ไขเรียบร้อย
379,ห้องพยาบาล,ถ้าสั่ง Order ใหม่ ผู้ป่วยที่ D/C ไปแล้ว เข้าตรง,ส่วนนี้จะต้องมีเปิด จุดนี้ก่อน จึงจะสามารถแก้ไขได้ ส่วนนี้ทางทีมไม่สามารถเปิดให้ได้ทันที เนื่องจากส่วนนี้จะเป็นไปตามข้อตกลงของงทาง รพ. สามารถ เปิดให้แก้ไขผู้ป่วยที่จำหย่ายแล้วหรือไม่ หากมีเปิดแล้วจะสามารถออเดอร์ได้ที่หน้า D/C
380,ห้องพยาบาล,ขออนุญาตหลังจากupdate NEO แล้วเราจะไม่สามารถเข้าไปแก้ไขในส่วนของNurse note หลังจากบันทึกได้เลยใช่ป่ะ..พอดีบางทีเขียนผิดหรือต้องการเพิ่มเติมข้อมูลตอนนี้ทำไม่ได้เลย,"ตอนนี้จะเป็นเงื่อนไขนี้ บันทึกพยาบาลแบบที่ 3 สามารถให้แก้เอกสารได้เฉพาะคนที่ทำการบันทึกเท่านั้น คนที่
ไม่ได้บันทึกสามารถดูได้และไม่สามารถแก่ไขได้ สิทธิ์ admin สามารถแก่ไขและลบข้อมูลได้"
381,ห้องพยาบาล,"ขอเสนอกรณีที่มีการ off ยาแล้ว ไม่สามารถมา un off 
หรือให้ ถ้ามีการ un off ได้ขอlock user เฉพาะคนที่ off ได้หรือไม่ เพราะเปิด un off ได้ง่ายอาจเกิดผลเสียกับผู้ป่วย ทำให้ผู้ป่วยได้รับยาที่แดทน์สั่ง off ไปแล้ว",ตอนนี้ยังไม่สามารถกำหนดสิทธิ์ให้ un off ได้เฉพาะ user ที่ off
382,ห้องพยาบาล,LPRC มันไม่ขึ้นใน mar,มีสั่งหยุดไว้วันที่ 22/9 นะ ทำให้รายการไม่แสดงที่ใบ Mar
383,ห้องพยาบาล,แก้ไข พอดีเปิดเข้าคำสั่งแพทย์ไม่มีorderแพทย์,แพทย์ยังไม่มีการเขียนออเดอร์มา
384,ห้องพยาบาล,รายการLab ไม่ขึ้น ห้อง lab รับออเดอร์ไม่ได้ ต้องเป็นรายการวันนี้ 25/09/68,รายการนี้เป็นรายการบันทึกเพิ่มเติมข้อมูลจะไม่ไปแสดงที่ห้อง Lab
385,ห้องพยาบาล,จาก4ชั้น1 ฝากลบorder Lab,สามารถยกเลิกคำสั่งแพทย์ที่ส่วนนี้ได้เลย
386,ห้องพยาบาล,กดรับorder ไม่ได้,ชื่อล๊อคอยู่
387,ห้องพยาบาล,AN680002406 ไม่สามารถดูใบ Mar หน้าแฟ้มเวชระเบียนฝากตรวจสอบ,เนื่องจากไม่มีรายการยา ทำให้ใบ mar ไม่สามารถแสดงได้
388,ห้องพยาบาล,ออเด้อร์ไม่ขึ้น ที่ x-ray ช่วยดูให้,ยังไม่มีการรับออเดอร์ หากรับออเดอร์แล้วจะมีติ๊กถูกสีเขียว
389,ห้องพยาบาล,นางทองใบ ชายขาว แพทย์ยืนยัน key order แล้ว แต่ไม่ขึ้นมาหน้า nurse station,ยังไม่มีการนำเข้าข้อมูล
390,ห้องพยาบาล,ผู้ป่วยจ่ายเงินครบ แต่ขึ้นมียอแค้างจ่ายมา ในระบบhosxp.ก้อไม่มีค้างนะ,แก้ไขเรียบร้อย
391,ห้องพยาบาล,ต้องการเอารายการนี้ออก ต้องทำยังงัย,กดที่ปุ่มtime และเลือกตัวยาที่ไม่ต้องการให้แสดง กดติ้กออกบันทึกได้เลย
392,ห้องพยาบาล,หน้าแก้ไขเวลาให้ยา..ไม่สามารถแก้ไขได้ใช่,สามารถลบแล้วติ๊กจ่ายใหม่ได้เลย
393,ห้องพยาบาล,ทำไมยาhista oph ถึงไม่ขึ้นมาให้ลงชื่อให้ยาในใบมาร์ คุณหมอสั่ง continues แล้วก็รันยาตามเวลาที่จะให้แล้ว,ช่องบนสุดจะเป็นช่องเวลาในวันที่สั่งที่เวลาอาจไม่ตรงกับโดสปกติ เช่นสั่งยาช่วงบ่ายแล้ววันแรกอาจให้ทานแค่มื้อเย็น
394,ห้องพยาบาล,คนคนไข้แอดมิดตั้งแต่วันที่24ก็ลงข้อมูลปกติ พึ่งมาเป็นวันนี้,ยาไม่ติ๊กจ่ายวันอาทิตย์
395,ห้องพยาบาล,คีย์ยา คนไข้ ตอนคีย์สั่ง ยา เป็นยานอก รพ แต่รับออเดอร์ไปแล้ว เภสัชไม่เห็นคนสั่ง ยาที่คีย์ไป,พี่โด่งโทรอธิบายเรียบร้อย
396,ห้องพยาบาล,ฟอร์มปรอท,ส่วนนี้จะยังไม่สามารถลิงค์กันได้ จะลิงค์เพียงข้อมูล v/s
397,ห้องพยาบาล,"add chart Ceftriaxone 1 g ย้อนหลังของเมื่อวาน 
ผู้ป่วยชื่อ ด.ช.รัชชานนท์ ธาตุทอง AN: 680003675",กรณีลืม add chart จะต้อง add chart เพื่อแก้ไข สามารถแก้ไขวิธีนี้ได้
398,ห้องพยาบาล,"เรียนถามอาจารย์ คนไข้HW นายประพันธ์ แก้วบุญ Admit วันที่19/08/68 ยังไม่รับorder วันadmit 
ควรทำยังไงดี",สามารถรับออเดอร์ได้ปกติเลย ทำตามขั้นตอนนี้ได้เลย
399,ห้องพยาบาล,รายนี้ ไม่พบ* Mar* มีแต่ Mar รุ่นเดิม,พบการตั้งจ่ายวันถัดไป ทำให้รายการยาไม่แสดงวันนี้
400,ห้องพยาบาล,ไม่ขึเนให้รับออเดอร์,หากมีการสั่งเพียง Lab รายการจะแสดงเพียงหลอด Lab หน้า Dashboard จะยังไม่เสร็จสมบูรณ์
401,ห้องพยาบาล,Viewไม่หน้าpe,หน้าเอกสารนี้ยังไม่มีการบันทึกไป
402,ห้องพยาบาล,"ขวัญฤทัย จันทร์ทุม HN 24647
ลงจ่ายยามื้อเช้าไม่ 
มีแ FERROUS มาตัวเดียว",แก้ไขเรียร้อย
403,ห้องพยาบาล,"adminในระบบมีแบบประเมินความรุนแรงของการเสพสุรา เช่น แบบCAGE ,AUDIT",้าเป็นแบบฟอร์มของสุรา จะมีอยู่ 4ฟอร์มนี้
404,ห้องพยาบาล,nurse note เวรดึกหาย ช่วยดูว่า ไม่ save หรือ ข้อมูล error,เบื้องต้นไม่มีข้อมูลที่ถูกบันทึกลงฐานข้อมูลนะ
405,ห้องพยาบาล,จากตึกIPD2 HN 196581 นางอำนวย ลุนบง หายไปจากผู้ป่วยใน,เคสทีมไม่สามารถเรียกคืนให้นะเนื่องจากเป็นการยกเลิกanไปแล้ว จะต้องทำamitใหม่ทีมจะนำใบออเดอร์เดิมกลับมาให้นะ
406,ห้องพยาบาล,มีขึ้นยากลับบ้าน แต่พอสั่ง print out,แก้ไขเรียบร้อย
407,ห้องพยาบาล,เช้คเคสนี้ เวลาที่รันไว้ กลายเปน 0.00 ในวันที่ 9/2 ก่อนหน้านี้ ก็รันมาปกติ แก้นะ,จาการตรวจสอบรายการยาที่แสดงเป็นเวลา 00.00 เกิดจากรายการยาไม่ถูกเพิ่มมาจากใบออเดอร์ มีการเพิ่มรายการยาเองและในหน้า Current Profile รายการยาก้ไม่ถูกบริหารเวลาให้ยาไว้ เลยทำให้รายการที่ add chart มาไม่แสดงเวลาที่บริหารไว้
408,ห้องพยาบาล,Refer ไม่ เช็ค,ข้อมูลที่ลงมีอักขระพิเศษ และลงข้อมูลยาวๆ
409,ห้องพยาบาล,แก้ไจอย่างไร,ป่วยเข้าwardไปแล้วนะทีมเช็คไม่ทันนะ
410,ห้องพยาบาล,เหมือนกับว่าเขาแอดมิทไปแล้วยังไม่แนบสิทธิ์เราแนบย้อนหลังไม่หรอ,ผู้ป่วยรายชื่อเข้าไปในwardแล้วนะ สามารถแนบย้อนหลังในwardเลยนะ
411,ห้องพยาบาล,ขอแก้ไขนะกดผิด ไม่จะยกเลิก,กดรับรายการอีกครั้งเลยนะ
412,ห้องพยาบาล,prnไมีขึ้น,เป็นรายการสั่งยาปกติ ไม่สั่ง prn
413,ห้องพยาบาล,เลขประจําตัวประชาชนของผู้รับรองการตายต้องกรอกตรง 680000118,แก้ไขเรียบร้อย
414,ห้องพยาบาล,หน้านี้ให้แสดงผลเป็น Lab CBC กับ UA เอกสารที่20,ตอนนี้มีการดึงล่าสุดอยู่นะแสารามเลือกใหม่ของคนนั้นๆ
415,ห้องพยาบาล,และในกรณีที่คีย์ Lab ผิด สามารถแก้ไขข้อมูลใน IPD paperless ให้ถูกต้อง,หากเป็นการคีย์ lab ผ่านใบออเดอร์ สั่งและรับออเดอร์แล้วจะต้องลบรายการและสั่งออเดอร์ใหม่เลยนะ เนื่องจาก ใบออเดอร์จะบันทึกชื่อ lab เดิมที่สั่งไปก่อน
416,ห้องพยาบาล,AN: 680000542 เอกสาร 226 แพทย์แผนไทย ลงข้อมูลแล้วกดบันทึกไม่,มีลงข้อมูลส่วนยาวๆ หรือมีอักขระพิเศษ
417,ห้องพยาบาล,แพทย์สั่งยากลับบ้านผิดช่องทางแก้ไข หลังจากสั่งยาไปแล้ว,ยังไม่แก้ไข ไม่รับคำตอบการตอบกลับ
418,ห้องพยาบาล,ตึกศีลยกรรม หน้าที่ แสดงการแพ้ยา ปิดหน้าจอไม่,สามารถกด enter เพื่อปิด นะ
419,ห้องพยาบาล,อีก 1 เรื่อง กดดู AN 680000291 นี้แล้วมันไม่ขึ้น ไม่รู้ว่าเพราะอะไร อันอื่นไม่เป็น,แก้ไขเรียบร้อย
420,ห้องพยาบาล,"จะดูเคสนี้
1. ห้อง IPD มาขึ้น Emx แบบนี้ไม่ถูกใช่ หรือว่าระบบ design ให้เป็นแบบนั้น",รายการ Emx คือ รายการที่แก้ไขจากจุดอื่น
421,ห้องพยาบาล,หน้าNurse note รายการ fogus list หายไป add ให้,ตรงส่วนนี้ทีมไม่แน่ใจว่าทางไอทีหรือ User สิทธิ์ admin ปิดการใช้งานตรงส่วนนี้ไปหรือ เพราะทีมรีโมทเช็คตรงส่วนนี้ไม่ถูกเปิดใช้งาน
422,ห้องพยาบาล,Case admit HW รันเซ็นยาไม่ HN20668,แก้ไขเรียบร้อย รับออเดอร์เข้าใบรายการ TRx
423,ห้องพยาบาล,ออเดอร์รายการยากลับบ้านในหน้านี้แพทย์สามารถเพิ่มจำนวนยาใส่มา,สามารถแก้ไขจำนวนที่ส่วนนี้ได้เลย
424,ห้องพยาบาล,คือ case นี้มีการเปลี่ยนแปลง สถานะการจะหน่าย พอเปลี่ยนที่ neo เชคดู hos ไม่เปลี่ยน ตาม,จะต้องแก้ไขที่หน้าการทำงาน รายละเอียดผู้ป่วย > discharge รายการใน hos ถึงจะเปลี่ยน
425,ห้องพยาบาล,ไม่ขึ้นให้รับออเดอร์,มีรายการแสดงให้รับออเดอร์อยุ่
426,ห้องพยาบาล,และ คนที่ off คือใคร ไม่มีตำแหน่ง พยาบาลที่รับออเดอร์ งง ไม่มีการ สื่อสาร เลยไม่เข้าใจ การ ออฟ ในหน้า ออเดอร์แบบนี้,"- เจ้าหน้าที่ ที่แสดง off หน้าใบออเดอร์ เป็นเจ้าหน้าที่ ที่ตั้งค่าวัน off ยาไว้ 
- หากมีการตั้งค่า off ยาไว้ล่วงหน้า รายการหน้าใบออเดอร์จะขึ้น ขีดรายการยาให้เลย"
427,ห้องพยาบาล,ลบแก้ไขการเซ็นต์ยาให้ พอดีว่า เซ็นต์ไปแล้ว ลืมดูชื่อ มันไม่ใช่ชื่อตัวเอง กดยืนยันไปแล้ว,สามารถแก้ไขที่ส่วนนี้ได้เลย จะต้องเป็น user ที่เซ็น ลบออก
428,ห้องพยาบาล,ขออนุญาต กรณีคนไข้ที่แอดมิดแล้วมาทำฟันที่ทันตกรรม สามารถคีย์ข้อมูลหัตการของทันตกรรมในโปรแกรม,หากต้องการให้แสดงหน้าใบออเดอร์ สามารถคีย์ที่่ส่วนนี้ได้
429,ห้องพยาบาล,เคสนี้ add chart ยา albendazole ไม่ได้,มีการตั้ง 2 วันจ่ายยา ทำให้ไม่สามารถ add chart ยาวันนี้มาได้
430,ห้องพยาบาล,ลบอันนี้ พอดีจะสั่งไปใหม่ อันเก่ากดสั่งไม่ครบ,แก้ไขเรียบร้อย
431,ห้องพยาบาล,"ชื่อคนไข้ เป็นสีแดง
มีความหมายอะไรหรือป่าว",มีลงประวัติล่าสุด v/s 38 หากผู้ป่วย temp 38 ขึ้นไปในส่วนการลงข้อมูลที่ DTX รายชื่อผู้ป่วยจะเป็นสีแดง
432,ห้องพยาบาล,พี่ lab มันไม่เรียงเวลา,กดเรียงส่วนนี้
433,ห้องพยาบาล,ว่าเมื่อมีการ off ยาฉีด ทาง neo สามารถ off น้ำเกลือที่พ่วงมาด้วยกัน,สามารถ off ได้
434,ห้องพยาบาล,"จากสูติ 
ถ้าจะลบยา cephalexin ในวงสีแดง ให้หาย ทำยังไง",รายการยาเป็น order one day สั่งววันนี้ ยามีการบริหารไว้ หากไม่ต้องการให้จ่ายยาช่วง 16.00 และ 20.00 สามารถลบเวลาดังกล่าวที่หน้า current ออกแล้วบันทึกรายการได้เลย
435,ห้องพยาบาล,ลบรายการเซ็นยาแล้วออก MarV2,แนะนำ
436,ห้องพยาบาล,ลงข้อมูลคำสั่ง feed,แนะนำ
437,ห้องพยาบาล,ลบรายการเซ็นยาเวลา 12.00 ใบ MarV2,แนะนำการใช้งาน
438,ห้องพยาบาล,Dexa ที่รันไว้ โดสวันที่4 เช้า6/10/68(06.00น.)ไม่ขึ้น แล้วแบบนี้ต้องทำยังไง เคยแจ้งปัญหานี้ไปแล้ว แต่ยังไม่ได้รับการแก้ไข เพราะห้องคลอด ถ้ามีเคสที่ต้อง stop labour มันจะมียาตัวหนึ่งที่ต้องฉีด 4 dose ห่างกันทุก 12 ชม.,ส่วนนี้ทีมแนะนำให้สั่งเป็นยา con หากครบ dose แล้ว สามารถ off ได้
439,ห้องพยาบาล,"วันก่อนหน้านี้ เคสที่คีย์ผ่าน Neo จะมีรูปหนังสือ 
แต่วันนี้ไม่มี เลยไม่แน่ใจมีผลอะไรรึเปล่า",ส่วนนี้จะไม่มีผล
440,ห้องพยาบาล,ลบ orderนี้,หากยังไม่มีการรับออเดอร์ สามารถยกเลิกคำสั่งแพทย์ที่ส่วนนี้ได้เลย
441,ห้องพยาบาล,"เอกสาร 125,เอกสาร 103",เอกสาร 103 สามารถ ตั้งค่าได้ในส่วนของผู้ดูแลระบบ ติ๊กเลือกจะเป็น ดึก เช้า บ่าย
442,ห้องพยาบาล,หมอ order แล้ว บางเตียงไม่ขึ้นสีน้ำเงินเตือนให้รับ order,หากเป็นรายการสั่ง lab ไม่มีรายการอื่นๆ ไอคอนจะแสดงเพียงหลอด lab หากมีรายการยาหรือรายการอื่นๆด้วยจะแสดงเป็นแฟ้มสีน้ำเงิน
443,ห้องพยาบาล,กดรับคำสั่งแพทย์ไม่ได้,มีเจ้าหน้าที่ท่านอื่นเข้ารับคำสั่งแพทย์อยู่ หากเอาเมาส์ไปวางจะแสดงชื่อเจ้าหน้าที่
444,ห้องพยาบาล,จุดนี้คืออะไร,แจ้งเตือนใกล้ถึงเวลาจ่ายยา
445,ห้องพยาบาล,จากสกล 2 ในกรณีให้เลือดต้องทำยังไง,ต้องการเซ็นรายการใช่ สามารถตรววจสอบที่ใบmar ได้เลย
446,ห้องพยาบาล,เช็ค ชาร์จ ประยงค์ คำวัน ข้อมูลหาย หมดเลย,จากการตรวจสอบในฐานข้อมูลไม่มีข้อมูลรายการสั่งจากหน้าใบออเดอร์
447,ห้องพยาบาล,ปรึกษา x-ray,ติดสาย 30 นาที
448,ห้องพยาบาล,สมมารถโอนเข้ามา,แพทย์จะต้องสั่งที่รายการสั่ง Lab
449,ห้องพยาบาล,ลบเอกสาร179 ออกจากแฟ้มเวชระเบียน,แก้ไขเรียบร้อย
450,ห้องพยาบาล,ลบยาตัวนี้ออก พอดีไม่มีในออเดอร์ที่แพทย์สั่งแต่ยามันเด้งขึ้นมา,จะต้องมีการสั่งหยุดส่วนนี้จะไม่แสดง
451,ห้องพยาบาล,คีย์จำหน่ายคนไข้แล้วบันทึกไม่ได้,มีลงข้อมูลเบอร์โทรมีลงเกิน หรือมี ขีดอื่นๆสามารถแก้ไข ลงเป็นประมาณนี้ 0812345678
452,ห้องพยาบาล,คนไข้ยังไม่ผ่าตัดเลยแต่ในฟอร์มปรอทขึ้นแล้ว,มีลงผ่าตัดผิดวันที่และบันทึกฟอร์มปรอทไป หน้าการจำงานจึงจำวันที่ลงผิดไป
453,ห้องพยาบาล,บันทึกใบสั่งยาไปแล้ว แต่ทำไมห้องยาไม่เห็นใบสั่งยา,แสดงปกติ
454,ห้องพยาบาล,document ward ของตึกหลังคลอด,จะเป็นการตั้งค่าส่วนนี้สามารถประสานไอทีเพิ่มเติมให้ได้เลย
455,ห้องพยาบาล,รายการที่หมอคีย์ยามาจาก NeoHos แล้ว ขอสัญลักษณ์รูปหนังสือแบบเดิม,เคสที่ไม่พบสั่งเพียง lab หรือ xray หากสั่งเพียง lab จะเป็นหลอด lab
456,ห้องพยาบาล,รายการเซ็นยา continuation,นำติ๊กออก ส่วนนี้รายการยาจะแสดงวันนี้
457,ห้องพยาบาล,อันนี้ ทำไมมานล็อค ไม่ให้ เซฟ,เจ้าหน้า ชลธิชา สามารถ เข้่าใช้งานอยู่ทำให้คุณหมอไม่สามารถแก้ไขรายการได้
458,ห้องพยาบาล,"ตอนนี้คนไข้ที่แอดมิด ชื่อเจ้าของไข้ ยังเป็นแพทย์พิมรักษ์ตลอดเลย
สามารถเปลี่ยนการauto อันนี้",สามารถแก้ไขชื่อแพทย์ที่หน้า รายละเอียดผู้ป่วยได้เลย
459,ห้องพยาบาล,แก้เวลาเซ็นยา,ผู้ให้ยาสามารถลบเซ็นยาได้เลย
460,ห้องพยาบาล,ยกเลิก เคยยกเลิกในระบบเดิมไป มี admit มาใหม่ order จะซ้อนกัน,ส่วนนี้ทางทีมได้ยกเลิกจาก neo เรียบร้อยแล้ว เจ้าหน้าที่สามารถยกเลิกที่ระบบเดิมได้เลย มี admit มาใหม่ order จะซ้อนกัน กรณีนี้เกิดจากยังไม่มีการยกเลิกที่ neo แต่มีการไปยกเลิกที่ระบบเดิมก่อน ทำให้รายการที่ค้างใน neo ยังคงอยู่
461,ห้องพยาบาล,ขออนุญาติ หากต้องการนำภาพ EKGของผู้ป่วยใน ในneo ที่จำหน่ายแล้ว มาแสดงใน hosxpในเมนู emr ด้วยสามารถทำ,ส่วนนี้จะยังไม่สามารถทำให้ข้อมูลไปแสดงได้
462,ห้องพยาบาล,"แจ้งจากห้องแลป รายการ
1.สั่งตรวจ electrolyte order เข้า hos แค่รายการเดียว คือCO2 ส่วน Na k cl ไม่เข้า 
2.รายการสั่ง lft มี 2 รสยการที่ไม่เข้า hos xp",จากการตรวจสอบที่ฐานข้อมูลรพ.ไม่มีรายการสั่ง Na k cl
463,ห้องพยาบาล,รับ Order แพทย์ไม่ได้,แนะนำ
464,ห้องพยาบาล,เรื่องการเรียงเลขเตียง กดยังไงก็ไม่เรียง,แนะนำ
465,ห้องพยาบาล,ลบรายการยา,แนะนำการแก้ไข
466,ห้องพยาบาล,ไม่สามารถบันทึกเอกสาร 115 และ 16 ได้,แนะนำการแก้ไข
467,ห้องพยาบาล,ต้องการแก้ไขเวลาการรันยาเนื่องจากรันผิด,แนะนำการแก้ไข
468,ห้องพยาบาล,เรื่องการ Order รคส,แนะนำการแก้ไข
469,ห้องพยาบาล,ถ้าจะเข้าไปใส่ชื่อแพทย์ในใบ medication Reconcilliation Form ต้องไปตรง,แก้ไขเรียบร้อย
470,ห้องพยาบาล,ในเคสนี้แพทย์ key ยา HM ไม่ได้ค่า,รายการยาวันนี้ยังไม่มีรายการรับออเดอร์ ทำให้ไม่สามารถสั่งยา HM ได้
471,ห้องพยาบาล,แต่ลงครั้งเดียวทั้ง2คนเลยนะ หรือว่าลิงก์จาก ตอบ consult มา,รายการนี้จะเป็นรายการ Note ไม่ได้มีการลิงก์จาก consult มา
472,ห้องพยาบาล,วันนี้Opd medเข้าดูNeo ไม่ได้,เครื่องที่ไม่สามารถใช้งานได้ เป็นขั้นตอนนี้
473,ห้องพยาบาล,ไม่สามารถดูvital sign ได้,ลงเพียงหน้าการทำงานนี้ไม่สามารถไปแสดงที่ฟอร์มปรอทได้
474,ห้องพยาบาล,ขออนุญาต พอดีอาจารย์สั่ง Fentanyl (10:1) iv 10 ml/hr ไว้พอดีในเวรได้ต่อขวดใหม่ทีนี้จะเซ็นยาในใบ mar มันไม่ขึ้นแล้วจะเข้าไปรันเวลาใหม่ มันไม่มียา Fentanyl (10:1) ให้รันเลย มีแค่ dose stat แต่พอเข้าไปแก้ใน medication profile ก็รันตามที่เรากำหนด แต่พอเข้าไปดูในใบ mar ก็ไม่มีเหมือนเดิม,จากการตรวจสอบมีการตั้งค่า off เป็นวันที่ 20
475,ห้องพยาบาล,ชื่อคนไข้ไม่ตรงกัน,จากการตรวจสอบรายชื่อขึ้นตรง ส่วนนี้จะต้องเลือกให้เป็นภาษาอังกฤษ
476,ห้องพยาบาล,ชื่อคนไข้ไม่ตรงกัน,ส่วนนี้จะต้องเลือกให้เป็นภาษาอังกฤษ
477,ห้องพยาบาล,บันทึกการติดตามหลังให้ยา high alert drug หากบันทึกจนเต็มแล้ว แต่คนไข้ต้องใช้ยาต่อ ต้องการให้เพิ่มใบใหม่(ยาตัวเดิม) ต้องทำอย่างไร,ต้องไม่เลือกประวัติเอกสาร
478,ห้องพยาบาล,ขออนุญาตสามารปรับเปลี่ยนสถานะเปฌน adminเพื่อแก้ไขdiagnosis,หมายถึงเพิ่มเป็นสิทธิ์ admin ใช่
479,ห้องพยาบาล,ตรงประเภทอาหารดึงข้อมูลมาจากตาราง nutrition_type ของ ฐาน hosxp,ส่วนนี้ระบบไม่ได้ดึงจาก hosxp สามารถเพิ่มข้อมูลที่ผู้ดูแลระบบได้
480,ห้องพยาบาล,เรื่องการสรุปชาร์ตและการใส ICD10,แนะนำ
481,ห้องพยาบาล,ฝากลย order,สามารถยกเลิกและลบรายการที่รับออเดอร์ได้เลย
482,ห้องพยาบาล,ช่วยลบ order เวลา09.55 น.ผู้สั่งชื่อจินตนา,สามารถยกเลิกได้ที่จุดนี้ได้เลย
483,ห้องพยาบาล,"ยกเลิกเซ็นให้ยา 
วันที่24/10
เซ็นผิดวัน",สามารถกดที่แว่นขยายเลือกตัวยาและลบเซ็นยาได้เลย
484,ห้องพยาบาล,ระบบงานจิตเวช มองไม่เห็นใบ consultแพทย์,ยังไม่ไดล๊อคอินแผนกที่ขอมาแล้วใช่
485,ห้องพยาบาล,หน้าห้องยา pop up ที่ขึ้นค่าผิดปกติ ขยายทำให้เห็น ค่าlab ที่ผิดปกติ popupมีขอบเขตเห็นแค่ค่าปกคิ,หากผิดปกติจะแสดงเป็นแท๊บสีแดงเพิ่มเติม
486,ห้องพยาบาล,ตามคลิปวีดีโอ HW D/C แต่ไม่มียา ยืนยันรับorder แล้ว รายการบันทึกใบสั่งยาไม่ได้ ของเดิมก่อนอัพเดชบันทึกรายการรับออเดอร์ใบสั่งยาD/C ได้แม้จะไม่มียา,รายการบันทึกเพิ่มเติม ส่วนนี้จะบันทึกคำสั่งไปแล้ว โดยที่ไม่ต้องบันทึกใบสั่งยาใบเปล่า
487,ห้องพยาบาล,ถามเอาไว้ก่อน กรณีคนไข้ admit 26 ตค มีคำสั่งให้ยาในวันที่ผ่าตัดคือ 27 ตค โดยเราต้องเบิกยามาก่อน เราใช้เมนู,ทาง รพ. ใช้เป็น ใบ*mar* จะใช้เป็นการบริหารที่หน้าการทำงานนี้ หากมีการสั่งยามาแล้ว รายการยาจะไปแสดงวันที่ 27
488,ห้องพยาบาล,หน้านี้ ทำไม เราถึงเห็นแต่ใบConsult palitive เราสามารถมองเห็นใบConsult จาก แผนกผู้ป่วยใน ไปยังแผนกอื่นๆ พยาบาลจะได้คอนเฟิร์มว่า แพทย์เขียนแล้ว และมีแผนกยังไม่ตอบใบ หรือ ยังไม่ได้รับการConsult,หากตรวจสอบการตอบกลับทีมแนะนำตรวจสอบที่แฟ้มเวช ได้เลย จะแสดงเป็นชื่อ (1) แบบฟอร์มการปรึกษาโรงพยาบาล
489,ห้องพยาบาล,ของคุณวาสนาไม่มีกล่องให้รับ Order,ยังไม่นำเข้าใบออเดอร์
490,ห้องพยาบาล,ทาง x-ray แจ้งว่าออเดอร์ไม่ขึ้นไปที่ห้อง x-ray เป็นทุกเคสเลย ไม่แน่ใจว่าต้องกดตรงเพิ่มเติมอีกมั้ย,ส่วนนี้ทางทีมตรวจสอบได้เพียงรายการเข้าฐานข้อมูลของรพ.แล้ว
491,ห้องพยาบาล,ขอวิธีปิดหน้าจอนี้ เด้งแจ้งเตือนตลอดเลย,ตอนนี้จะยังไม่สามารถปิดแจ้งเตือนนี้ได้
492,ห้องพยาบาล,"มีคำสั่งใช้ยา Morphine metoclopamide

▶️แต่ใน HOSxP ถูกดึงข้อมูล morphine มา 2 ครั้ง 
▶️และยา metoclopamide วันที่สั่งยาใน Neo เป็นวันที่ 27/10/68 แต่ออเดอร์พยาบาลรับคำสั่งของวันที่ 28",มีรายการสั่งวันที่ 27 และวันที่ 28 วันที่ 28 มี add เพิ่มมาจากระบบเดิม 1 รายการ
493,ห้องพยาบาล,กดรับคำสั่ง บึนทุกใบสั่งยา ไม่ได้,รายการ Review Treatment จะไม่แสดงที่ใบสั่งยา เป็นเพียงการแจ้งว่ามช้ยาต่อหรือไม่
494,ห้องพยาบาล,"Nurse note ไม่ได้ลงชื่อพยาบาล
แล้วพอจะกลับไปแก้ไข
แล้วแก้ไม่ได้ เพราะไม่รู้ต้องใช้ user ดี พอดีน้องกดลบชื่อออก แล้วกดบันทึกไปเลย",กรณีไม่มีชื่อผู้มีสิทธิ์แอดมิดสามารถลบได้
495,ห้องพยาบาล,"ช่วยอธิบาย 
Add chartคือ อะไร 
ต้องกด menuนี้ ทุกวัน",เดิมที่ผู้ป่วยแอดมิดจ่ายยาทุกวันแบบ รับยาจากห้องยาหรือ ออเดอร์
496,ห้องพยาบาล,หากต้องการให้รายการอาหารเป็น แบบ continue ต้องกดปุ่ม,เข้า current > เลือกรายการเวชภัณฑ์ > เลือกรายการ > กดสามเหลี่ยม > แก้ไขประเภท > บันทึกแก้ไข
497,ห้องพยาบาล,วันนี้ไม่มีให้เซนบริหารยา,มีบริหารไว้วันนี้ตอน 06.00 เวลาเดียว
498,ห้องพยาบาล,ขอเบอร์ จนท. neo วันนี้,ลง off ยาผิดวัน
499,ห้องพยาบาล,แก้ไข คนนี้เข้าไป Run ยาไม่ได้,บริหารยาที่หน้า current
500,ห้องพยาบาล,check(เอกสาร 49)ลงตัวเลขไม่ได้,ทีมตรวจสอบที่เครื่องวางไฟล์ ของ รพ. แสดงปกติ เอกสาร 34
501,ห้องพยาบาล,ขอเพิ่มลายเซนต์ ให้หน่อยนะ,เพิ่มลายเซ็นที่ส่วนนี้ได้เลยนะ
502,ห้องพยาบาล,เปลี่ยนเวลาให้ไม่ได้,กดแว่นขยาย > เลือกรายการยา > ลบรายการที่เซ็นผิดออกแล้วสามารถเซ็นจ่ายยาใหม่ ( จะต้องเป็น user ที่เซ็นยาก่อนหน้า ถึงจะสามารถแก้ไขรายการเซ็นยาได้ )
503,ห้องพยาบาล,ดูได้แค่หน้านี้ แต่ไม่มีไฟล์ แนบ ทำให้แพทย์ไม่สามารถดูผลแนบได้,โดยปกติหากเป็นไฟล์แนบจะเป็นการแนบเอกสารเพิ่มเติมมานะคะ
504,ห้องพยาบาล,ฝากลบโน้ตอันบนให้หน่อยค่า ขอบคุณ,ลบที่รายละเอียดผู้ป่วยได้เลยนะคะ
505,ห้องพยาบาล,ขอประสานแอดมิน เรื่องการเพิ่ม ตึก home ward ในหน้าการประเมินสมรรถนะคับ,สามารถติ๊กถูกส่วนนี้แล้วพิมพ์ชื่อ ตึก หรือ ward ได้เลยนะคะ
506,ห้องพยาบาล,ขอเพิ่ม การอับโหลดเอกสาร หัวข้อนี้,ส่วนนี้สามารถประสานไอทีรพ.เพิ่มที่ผู้ดูแลระบบได้เลยนะคะ
507,ห้องพยาบาล,แจ้งเตือนนี้ปิดได้มั้ยคะ พอดีมันเด้งทุกรอบเลย,ส่วนนี้จะยังไม่มีปุ่มปิดแจ้งเตือนนะคะ รออัปเดทให้แสดงเป็นแต่ละ ward
508,ห้องพยาบาล,สามเหลี่ยมฉุกเฉินสีแดงคืออะไรคะกดรับหลายรอบแล้วก็ยังมา,เป็นไอคอนแจ้งเตือนใกล้ถึงเวลาจ่ายยา
509,ห้องพยาบาล,ช่วยลบ order นี้มห้หน่อยได้มั้ย,หากยังไม่รับออเดอร์สามารถยกเลิกคำสั่งแพทย์ได้เลยนะคะ
510,ห้องพยาบาล,รบกวนสอบถามวันนี้มีคนไข้D/CเวลาลงD/Cในpepperlessทำอย่างไรเพราะ,แนะนำหน้าลงข้อมูล
511,ห้องพยาบาล,"ขออนุญาตสอบถาม
Paperless สามารถคีย์ยาย้อนหลังได้มั้ยคะ ⑧ ∞ ⑥ เซ็นจ่ายยาไม่ได้ลืมแอดชาร์ท",แนะนำลืมแอดชาร์ท เพิ่ทมเวลาบริหารยา
512,ห้องพยาบาล,ออเดอร์ รคส.แพทย์ทำยังไงนะคะ,แก้ไขเรียบร้อย
513,ห้องพยาบาล,จะแก้ไขรายการ TRX,จะต้องเป็นผู้ที่มีสิทธิแก้ไข ถึงจะสามารถแก้ไขรายการได้ ส่วนนี้สามารถประสานไอทีรพ.ให้เปิดการแก้ไขที่ผู้ดูแลระบบนะคะ
514,ห้องพยาบาล,แก้ไขรายการ Trx แสดง error ให้ใส่ชิ่อแพทย์,ส่วนนี้จะต้องมีชื่อแพทย์นะคะ
515,ห้องพยาบาล,อยากเพิ่มข้อมูลวันเดิอนปีเกิดของผู้ป่วยลงใน ipd sticker ได้ไหมครับ,ตรงนี้ทำได้นะจ๊ะพี่อีสคุยกับทีม SA แล้ว
516,ห้องพยาบาล,แพทย์แจ้ง order แล้วไม่ขึ้น NEo รบกวนตรวจสอบทีครับ,จากการตรวจสอบที่ฐานข้อมูล ยังไม่มีรายการสั่งออเดอร์นะคะ
517,ห้องพยาบาล,สอบถามเพิ่มเติม กรณืแพทย์สั่งใช้ยา 3 วัน ห้องยาจะตั้งวันoff ไว้ให้อัตโนมัติ แต่พบว่าเมื่อตั้งวัน off order นั้นจะถูกขีด Off ณ ณ วันนั้นเลย,ส่วนนี้จะยังไม่สามารถทำได้นะคะ เนื่องจากระบบจะมีการตั้งต่าเปิด-ปิดให้มีเส้นขีด หากไม่ต้องการให้มีเส้นขีด รายการที่ off ทุกรายการจะไม่แสดงขีด
518,ห้องพยาบาล,สวัสดี ขออนุญาติสอบถาม เคสนี้ Admit แต่ มีชื่อ จพง รับ oder เพิ่ม1คน สอบถามแล้ว ไม่ได้กดรับ มีแค่พยาบาล,เจ้าหน้าที่ จพง ได้มีการส่งคำสั่งแพทย์ซ้ำไหมคะ ก่อนที่เจ้าหน้าพยาบลจะรับออเดอร์ หากพยาบาลยังไม่มีการรับ order รายการยาจะไม่ไปแสดงที่ห้องยา an ที่แจ้งมาว่ามีชื่อ จพง รับจะเป็นเพียงรายการรับรคส.แพทย์เท่านั้น
519,ห้องพยาบาล,ขอสอบถาม ที่ขึ้นตัวสีแดงนี้คืออะไรเหรอคะ,มีลงประวัติล่าสุด v/s 38 หากผู้ป่วย temp 38 ขึ้นไปในส่วนการลงข้อมูลที่ DTX รายชื่อผู้ป่วยจะเป็นสีแดง
520,ห้องพยาบาล,รบกวนยกเลิก orderนี้ให้หน่อยนะคะ,สามารภยกเลิกคำสั่งแพทย์ได้เลยนะคะ ใช่ เปิดใบออเดอร์วันที่ ที่ต้องการยกเลิก แล้วสามารถยกเลิกคตำสั่งแพทย์ได้เลย กรณีที่ไม่ใช่รายการยายกเลิกได้เลยนะคะ
521,ห้องพยาบาล,สอบถามเรื่องการรันยาให้ขึ้นเวลา 22.00 น.,แนะนำ
522,ห้องพยาบาล,สอบถามเรื่องการลงฟอร์มผ่าตัด 27 ไม่สามารถลงหัตถการช่อง Pre-Operative Diagnosis ได้ รหัสไม่ครบ,แนะนำ / และส่งแก้ไข
523,ห้องพยาบาล,รบกวนยกเลิกออเดอร์1เคส พอดีรคส.ผิดคน,หากเป็นรายการบันทึกเพิ่มเติมสามารถกดยกเลิกคำสั่งแพทย์ได้เลยนะคะ
524,ห้องพยาบาล,แพทย์สั่งออเดอแล้วแต่พยาบาลรับออเดอไม่ได้,จากการตรวจสอบที่ฐานข้อมูล แพทย์ยังไม่มีรายการสั่งออเดอร์มานะคะ
525,ห้องพยาบาล,รบกวนลบเซ็นยาออกให้หน่อย,สามารถลบที่ส่วนนี้ได้เลยนะคะ
526,ห้องพยาบาล,ใบ mar สามารถ view show ของทุกวันได้ไหมคะ หรือเลือกได้เป็นวันๆ,ใบวิวจะแยกแผ่นละ 1 วัน หากกรองหลายวันจะแสดงเป็นหน้า 1-2-3
527,ห้องพยาบาล,รบกวน รบorder หน้ารคสให้หน่อย คียไปไปผิด,แก้ไขที่ฐานข้อมูล
528,ห้องพยาบาล,รบกวนลบการสั่งยา kcl ออกให้หน่อย สั่งผิด,ทีมแนะนำ off ยานะคะ
529,ห้องพยาบาล,ลง NEW score ตรงไหนคะ ที่จะสามารถสื่อสารกับแพทย์ได้,พี่โด่งแนะนำ
530,ห้องพยาบาล,สอบถามเรื่องการคีย์ยานอกโรงพยาบาล,แนะนำ
531,ห้องพยาบาล,สอบถามเรื่องการลงข้อมูลเอกสารฟอร์ม 280,แนะนำ
532,ห้องพยาบาล,สอบถามเรื่องการสั่งยา แต่สั่งไม่ได้,แนะนำ
533,ห้องพยาบาล,รบกวนลบ orderนี้ค่ะ 680028286,ติ๊กปิดแสดงที่ใบ mar ออกได้เลยนะคะ
534,ห้องพยาบาล,อันนี้เกิดจากปัญหาอะไรถึงรับ Order ไม่ได้ค่ะ หรือ เพราะ ยา นอก รพ. ค่ะ,ยา MR ไม่มีวันที่ค่ะ
535,ห้องพยาบาล,แจ้งเตือนขึ้นกดออกไม่ได้,กด enter แจ้งเตือนจะหายไปค่ะ
536,ห้องพยาบาล,รบกวน ดึงเข้า HN 0179369จะทำadmitคะ,เกิด An แล้วยังไม่นำเข้าใบออเดอร์
537,ห้องพยาบาล,B2รับ order แล้ว แต่ใบ medical profile ไม่ขึ้น,รายการบันทึกเพิ่มเติม ไม่แสดงเป็นรายการยานะคะต้องออเดอร์เป็นสั่งยานะคะ
538,ห้องพยาบาล,สวัสดีค่ะ รบกวนเช็คยาคนไข้ HN 000244456 AN 680010126 พอดีกดรันเวลาให้ยา แล้วหายไปค่ะ,เบื้องต้นบริหารเวลาที่หน้า current แทนก่อนนะคะ
539,ห้องพยาบาล,รบกวนตรวจสอบชื่อแพทย์ค่ะ พิมพ์ค้นหาชื่อแพทย์ไม่ขึ้นค่ะ,จะต้องเลือกแผนกให้ตรงกับที่แพทย์ลงไว้ที่ผู้ดูแลระบบนะคะ
540,ห้องพยาบาล,จะสั่งlabล่วงหน้าวันนี้16.00 มันขึ้นแบบนี้ เมื่อก่อนทำได้ค่ะ,หากไม่สั่งบนใบออเดอร์เดิมจะสามารถสั่งได้นะคะ
541,ห้องพยาบาล,รบกวนตรวจสอบรายการเซ็นยา ของ HN:000498772 AN:680028146 น้ำเกลือ วันที่ 6/12/68 เวลา 06.00 น. มีให้รันเวลา แต่ไม่มีให้เซ็นชื่อค่ะ,ไม่ได้ติ๊กเปิดแสดงที่หน้าใบ mar นะคะ
542,ห้องพยาบาล,รับออเด้อแล้วกดผิดคะจะกดดู แต่ไปกดส่งคำสั่งแพทย์ แล้วมันขึ้นเป็นรับ. รคส. คะ ต้องแก้อย่างไรไหมคะ ออเด้อจะซ้ำกันไหมคะ,รายการที่ส่งไปก่อนหน้าแล้วจะไม่ซ้ำค่ะ จะไปเพียงรายการที่เพิ่มเข้าไปใหม่ค่ะ
543,ห้องพยาบาล,อยากชื่อแพทย์ขยับไม่ได้,ทีมขอรีโมทได้ไหมคะ ทีมขยับที่เครื่องวางไฟล์ได้ค่ะ
544,ห้องพยาบาล,กดบันทึกใบสั่งยาไม่ได้ค่า,รายการยา MR ช่องนี้ไม่ได้ระบุวันที่ไว้นะคะ
545,ห้องพยาบาล,Kardex nurse ดูตรงไหนคะ,ส่วนนี้จะยังไม่สมบูรณ์นะคะ
546,ห้องพยาบาล,ตรงส่วนหน้าต่าง ไหนคะ ที่แก้ไขฟอร์มปรอทให้เป็นรายการปัจจุบัน,"1.กดเข้าฟอร์มปรอท
2.กดเลือกประวัติมา 1 รายการ 
3.กด spacebar ในช่องว่าง ให้บันทึกแก้ไขขึ้นสีเขียว แล้วกดบันทึกแก้ไขค่ะ"
547,ห้องพยาบาล,"คนนี้รันยา dexa 22.00 ,10.00 แต่วันนี้ไม่ขึ้นยา dexa 10 น.ค่ะ ของเมื่อวานรอบ 10น. 22น. ขึ้นให้เซ็นปกติค่ะ",จากการตรวจสอบรายการยาเป็นยา one day จะแสดงเพียง 24 ชม. ค่ะ รายการยาสั่งมาวันที่ 8/12 เวลา 22.21 จะแสดงถึงวันที่ 9/12 เวลา 22.21 นะคะ ทำให้วันที่ 10 ไม่มีรายการยามาแสดงค่ะ
548,ห้องพยาบาล,รบกวนยกเลิก D/C ให้หน่อยนะคะ,ส่วนนี้จะสามารถยกเลิกได้ที่ระบบเดิมรพ.นะคะ
549,ห้องพยาบาล,ยกเลิก d/c ตรงไหนค่ะ,สามารถยกเลิก d/c ที่ hosxp ได้เลยนะคะ
550,ห้องพยาบาล,รบกวนดูเคสนี้ให้หน่อยค่ะ ไม่เห็นออเดอร์แพทย์,จากการตรวจสอบยังไม่มีการออเดอร์มานะคะ
551,ห้องพยาบาล,ฝากแก้ตรงนี้ เป็น รคส แพทย์ปาณัสม์ให้หน่อยค่ะ,สามารถเลือกชื่อส่วนนี้ส่งคำสั่งแพทย์อีกครั้งได้นะคะรายการจะแสดงเป็น รคส ค่ะ
552,ห้องพยาบาล,5/5 AN 680028581 รบกวนยกเลิกเซ็นยา 8.00น. ลืมแก้เวลาค่ะ,แก้ไขเรียบร้อย
553,ห้องพยาบาล,สอบถามค่ะ case นี้ มี order iv fluid ของวันที่ 10 แต่ไม่แสดงในใบ MAR ของวันที่ 11 ค่ะ ตรวจสอบให้ด้วยค่ะ,"จากการจรวจสอบไม่มีรายการบริหารเวลาในวันที่ 11 นะคะ ทำให้รายการไม่มาแสดงค่ะ"
554,ห้องพยาบาล,กดรับ order ไม่ไดเคับ,ยา mr ไม่มีวันที่
555,ห้องพยาบาล,ยกเลิก order ได้ไหมค่ะ,สามารถยกเลิกคำสั่งแพทย์ได้นะคะ หากยังไม่ได้รับออเดอร์รายการ lab ค่ะ
556,ห้องพยาบาล,5/5 AN 680028581 รบกวนยกเลิกเซ็นยา 8.00น. ลืมแก้เวลาค่ะ,สามารถให้ User ที่เซ็นจ่ายยา ลบตามขั้นตอนนี้ได้เลยนะคะ
557,ห้องพยาบาล,รบกวนช่วยตรวจสอบระบบ paperless >> ไม่สามารถเข้าใช้งานได้ เดี๋ยวถามหัวหน้าสักครู่ สาย Lan ใช้ได้ปกติ แต่เรียกผ่าน WIFI แล้วไม่ขึ้น,งั้นต้องรบกวนทางไอทีรพ.ตรวจสอบในส่วนของ wifi อีกครั้งนะคะ เนื่องจากผ่านสาย Lan ระบบใช้งานได้ปกติค่ะ
558,ห้องพยาบาล,รบกวนตอนหัวค่ำค่าาา,Spacebar ส่วนนี้และบันทึกแก้ไขค่ะ ฟอรืมปรอท
559,ห้องพยาบาล,คุณพยาบาลแจ้งว่ารับออเดอร์แล้วห้องยาไม่พบค่ะ รบกวนตรวจสอบให้ทีค่ะ🙇🏻‍♀️,จากการตรวจสอบรายการยายังไม่ได้รับออเดอร์นะคะ
560,ห้องพยาบาล,คนไข้ แพ้ยานี้ แต่สั่งได้,ทีมทดสอบกดสั่งรายการยาดังกล่าวไม่สามารถสั่งได้นะคะ
561,ห้องพยาบาล,ปกติ. Neohos มี Dashboard ขึ้นจอไหมครับ ถามพยาบาลก็ไม่รู้เรื่องครับ ขอบคุณครับ,ส่วนนี้อยู่ระหว่างพัฒนาระบบค่ะ
562,ห้องพยาบาล,สอบถามค่ะ คนไข้ Admit HW วันที่ 28/10/28 แล้วกลับเข้ามานอนรพ.วันที่31/10/68 ในการเซ็นต์ให้ยา ทำไมมีวันที่ 29 และ 30 ได้ค่ะทั้งๆที่ผู้ป่วยอยู่บ่านและนับประทานยาเอง,หากเป็นรายการยา cont. รายการยาจะรันยาทุกวันนะคะ
563,ห้องพยาบาล,Order ให้เลือดไม่แสดงที่ใบ Mar,แนะนำ
564,ห้องพยาบาล,สอบถามเรื่องการยกเลิกการเซ็นยาแล้ว,แนะนำำการใช้งาน
565,ห้องพยาบาล,รับ order ไม่ได้ค่ะ รบกวนแก้ให้หน่อยนะคะ,ยา mr ไม่มีวันที่ค่ะ รบกวนใส่วันที่แล้วรับออเดอร์อีกครั้งนะคะ
566,ห้องพยาบาล,ขออนุญาตถามค่ะผู้ป่วยD/Cแล้วไม่ได้เขียน Nurse note ทำอย่างไรค่ะ,สามารถค้นหาผู้ป่วยที่หน้า nurese station เลือกผู้ป่วยจำหน่ายแล้ว ค้นหาด้วย an ได้เลยนะคะ
567,ห้องพยาบาล,คนนี้ก็ไม่มี​ order one day ค่ะ,หากหมายถึงรายการที่วง รายการจะไม่ไปที่ห้องยานะคะ เนื่องจากเป็นรายการบันทึกเพิ่มเติมค่ะ
568,ห้องพยาบาล,รบกวนดึงคนไข้HN11270ให้ด้วยค่ะหมอจะแก้ยาHMค่ะ พอดีD/Cออกไปแล้วค่ะ,หาก d/c แล้วจะต้องยกเลิก d/c ที่ระบบเดิมนะคะ
569,ห้องพยาบาล,ขอสอบถามครับ เคส Dead เพิ่มหนังสือรับรองการตายให้หรือยังครับ มีเคสครับ เวลา audit จะไม่ผ่านครับ,แนะนำ
570,ห้องพยาบาล,กดบันทืกใบสั่งยาไม่ได้ค่ะ,แก้ไขเรียบร้อย
571,ห้องพยาบาล,รับ order ไม่ได้ค่ะ,แก้ไขเรียบร้อย
572,ห้องพยาบาล,HN: 5108498 AN: 680016813 ชื่อ-นามสกุล: น.ส. ศรีบาล กิ่งจักร์ กดรับออเดอร์ไม่ได้ค่ะ กดปิดหน้าแพ้ยาไม่ได้ค่ะ,กด enter ปิดแจ้งเตือนได้นะคะ
573,ห้องพยาบาล,"รบกวนช่วยตรวจสอบHN : 00087769AN : 212373ชือ : จำนงค์ หล่อทรัพย์เอกสารผ่าตัด ฟอร์ม 7 และ 36
ไม่สามารถกรอกข้อมูลได้",เข้าใช้งานที่หน้าข้อมูลผ่าตัดนะคะ ส่วนนี้หากเลือกที่เอกสารทางการพยาบาลจะไม่สามารถลงข้อมูลได้นะคะ
574,ห้องพยาบาล,ลองทำตามแล้ว​ แต่หน้าจ่ายยาแล้ว​ ไม่มียา​ one day เข้ามาค่ะ,รายละเอียดผู้ป่วย>เลือกรายชื่อผู้ป่วย>Medication Profile>รับคำสั่งแพทย์>ติ๊กเลือกรายการ>ยืนยันรหัส>บันทึกใบสั่งยา ค่ะ
575,ห้องพยาบาล,สอบถามจาก admit obs ER ค่ะ พอดีจะเขียน focus note กดที่ set แล้วไม่มี focus note ที่ ward เคย set แล้วเลยค่ะ ไม่แน่ใจว่าหากคนละแผนกแล้วที่ set ไว้จะไม่ลิงค์กันหรอคะ,ส่วนนี้ยังไม่สามารถดึงได้นะคะ
576,ห้องพยาบาล,ระบบห้องยา ถ้าเกิดไม่ได่แก้ไขจำนวนยาแล้วกดมาที่จ่ายยาแล้วสามารถย้อนไปแก้ได้มั้ยครับ,ส่วนนี้จะสามารถมองเห็นใบสั่งยาได้เช่นกันค่ะ
577,ห้องพยาบาล,การบันทึก 46 แบบบันทึกการดูแลมารดาคลอดบุตรทางช่องท้อง แตกต่างกันอย่างไรครับ,"ส่วนนี้ที่ 1 คือการบันทึกแท๊บรายการนั้นๆค่ะ 
ส่วนที่ 2 คือการบันทึกเอกสารทั้งแผ่น เพื่อวิวดูข้อมูลของแต่ละส่วนค่ะ"
578,ห้องพยาบาล,ปัญหา x-ray ราคาไม่ขึ้น เริ่มประมาณปลายเดือน ตุลาคม 68 ไม่เป็นทุกเคสนะคะ,เนื่องจากโดยปกติแล้วหากติ๊กค่าใช่จ่ายจะแสดงทันทีไม่ต้องรอผลออกค่ะส่วนนี้จะเป็นการลงที่ hosxp นะคะ
579,ห้องพยาบาล,"สอบถามค่ะ 
กรณี ผป กินยา จันทร์ พุธ ศุกร์ แต่ ห้องยาจัดยาให้ล่วงหน้า 1 วัน ต้อง tick ช่อง จ พ ศ หรือ อังคาร พฤหัส อาทิตย์ คะ",จ่ายยาผู้ป่วย จ. พ. ศ. พยาบาลสามารถติ๊กจ่าย จ. พ. ศ. ตามวันที่คนไข้ต้องทานได้เลยค่ะ
580,ห้องพยาบาล,ยา One day ที่ ให้ต่อเนื่อง(สั่งวันต่อวัน) จะขึ้นว่า off หรอครับ(ยัง.ห้อยู่ตลอด สั่งทุกวันฝั่ง one day ปรับ rate ตลอด),รายการยา one day จะแสดงเพียง 24 ชม. นะคะ เช่น สั่งยาวันที่ 15/12 12.00 น. รายการยาจะแสดงถึงเพียง 16/12 12.00 น. off จะแสดงในวันที่ 16/12 นะคะ
581,ห้องพยาบาล,ใบ mar เมื่อลงในส่วนของพยาบาล จะมีผลกับ medication profile ของห้องยาไม๊คะ,ไม่มีผลค่ะ สามารถบริหารเวลาให้ยาที่ส่วนนี้ได้เลยนะคะ
582,ห้องพยาบาล,สามารถตั้งเวลาเกิน 24 ชม. เพื่อให้แสดง off ในใบ mar เวลาประมาณ 10:00 น.ได้ไม๊คะ,ยังไม่สามารถทำได้นะคะ ยา oneday จะแสดง off อัตโนมัติค่ะ แต่ยังสามารถเซ็นยาได้อยู่นะคะ
583,ห้องพยาบาล,"สอบถามค่ะ สามารถลงวินิจฉัย ICD 10 แรกรับครั้งเดียว แล้วระบบดึงรหัสลง discharge summary ให้ได้เลยไหมคะ ตอนนี้ต้องลงใหม่ใน Admission note, การวินิจฉัยโรค, discharge summary",ส่วนนี้จะดึงมาไม่ได้นะคะ
584,ห้องพยาบาล,เวลาแพทย์ order ในระบบ เวลาไม่ตรงค่ะ เมื่อวานจำได้ว่า แพทย์ order ประมาณ 12.00 น,เนื่องจากรายการดังกล่าวเป็น lab ล่วงหน้า เปลี่ยนเวลาไม่ได้ครับ รายการยานั้นสั่งเพิ่มเข้ามาที่ใบล่วงหน้า
585,ห้องพยาบาล,ขออนุญาตสอบถาม จะเปลี่ยนเป็นภาษาอังกฤษได้ยังไงคะ,แก้ไขเรียบร้อย
586,ห้องพยาบาล,ขอสอบถามค่ะ เรียงเตียงให้ได้ไหมคะ,ตั้งชื่อเตียงตัวเลขผสมตัวย่ออักษร เลยเรียงไม่ได้
587,ห้องพยาบาล,ลบได้แค่ยาทั่วไปคะ ยาHAD ลบไม่ได้คะ,ผู้ล๊อคอินตรงกับชื่อนี้ไหมคะ ชื่อผู้ให้ค่ะ
588,ห้องพยาบาล,รบกวนลบ order นี้ออกให้หน่อยคะ. ซ้ำ2รอบ,สามารถเปิดประวัติ และยกเลิกได้เลยนะคะ
589,ห้องพยาบาล,จาก5/4นะคะ ช่วยลบรายการยาตัวนี่ออกได้ไหมคะ พอดีมันขึ้นมาซ้อนกัน2รายการค่ะ,รายการนี้ หากเซ็นจะเป็นสีเทานะคะ
590,ห้องพยาบาล,สอบถามเรื่องการลงข้อมูล,แนะนำ
591,ห้องพยาบาล,สอบถามเรื่องยาให้แยกได้ไหมในใบ Mar,แนะนำ
592,ห้องพยาบาล,เคสนี้ มีการเซ็น นอนโรงพยาบาล ภายใต้ AN 680103082 แต่ใบนี้ มาโชว์ใน ของอีกคน คือ AN680103081 8jt แบบนี้ เกิดจากสาเหตุอะไรค่ะ,ก่อนหน้ามีการยกเลิก an ไหมคะ หากยกเลิก an แต่ไม่ลบรายการข้อมูลเดิม เอกสารที่ an เดิมจะยังอยู่ค่ะ
593,ห้องพยาบาล,รบกวนสอบถามหน่อยค่ะ พอดีจะกดสั่ง lab out ในบัตรนัดแล้วไม่มีบันทึกสั่งแลปให้กดค่ะ,สามารถย่อขนากหน้าจอได้ไหมคะ
594,ห้องพยาบาล,จะสร้างไฟล์เอกสารนำเข้าในส่วนกลุ่มรายงานของ Discharge summary ได้ไหมคะ,จะสร้างไฟล์เอกสารนำเข้าในส่วนกลุ่มรายงานของ Discharge summary ได้ไหมคะ
595,ห้องพยาบาล,"เคสนี้มีการสั่ง lab จาก ER
แต่ในรายการ lab ไม่โชว์ ค่ะ",อยู่ที่ประวัติการสั่ง
596,ห้องพยาบาล,สอบถามค่ะ รายการในกรอบแดง ไม่แสดงในใบ Mar ค่ะ ทำให้ตั้งเวลาเซ็นให้ไม่ได้ค่ะ เจอครั้งที่ 2 แล้วนะคะ,รบกวนบริหารที่หน้า current นะคะ
597,ห้องพยาบาล,เอกสารที่นำเข้า ที่อยูในเอกสารขออนุมัติ ในหน้าเวชระเบียนไม่มีเอกสารหน้านี้ขึ้นมาค่ะ อันนี้ต้องตั้งค่าที่ไหนไหมคะ,จากการตรวจสอบส่วนนี้จะต้องเป็นการอัพเดทระบบเพื่อให้เอกสารแสดงรายการในแฟ้มเวชระเบียนค่ะ แต่เบื้องต้นทีมแนะนำให้อัพโหลดเอกสารที่เอกสารพยาบาลตรงส่วนนี้แทนก่อนนะคะ
598,ห้องพยาบาล,Vip sx-ortho ipad เข้าไม่ได้ค่ะ,ที่เครื่อง PC ทีมตรวจสอบเข้าใช้งานได้ปกติค่ะ ในส่วนของ ipad ต้องรบกวนเช็คในส่วนของอินเตอร์เน็ตที่เชื่อมต่อการใช้งานนะคะ
599,ห้องพยาบาล,กดแล้ว ยกเลิกไม่ได้ค่ะ,ส่วนนี้จะมีให้ใส่เหตุผลยกเลิกเจ้าหน้าใส่เหตุแล้วตกลงแล้วใช่ไหมคะ
600,ห้องพยาบาล,สอบถามค่ะ คนไข้รับใหม่เวรบ่าย เลือกรายการอาหารตอนรับใหม่ ปกติจะลิ้ง เวลาให้ ใช่ป่าวค่ะ ลิ้งแค่บางเวลาในฟรอมปรอท,โดยปกติหากมีการลงข้อมูลไว้ ระบบจะดึงข้อมูลครั้งล่าสุดมาแสดงค่ะ ก่อนการบันทึกมีการแก้ไขข้อมูลไหมคะ
601,ห้องพยาบาล,"ขอรบกวนปิด อันอื่นยกเว้นตารางตรวจ DTX เจาะ HCT 
และใบ MEWS ค่ะ",ส่วนนี้สามารถแจ้งเจ้าหน้าที่ไอทีรพ. หรือผู้มีสิทธิเข้าถึง ผู้ดูแลระบบปิดเอกสารได้เลยนะคะ
602,ห้องพยาบาล,มีวิธีไหนไหมคะการบริหารTpN ที่ใช้ส่วนผสมเอง แล้วจะบริหารยาทุกตัว มันลำบากมากเลยค่ะ ตอนนี้ลองใส่ยาทุกตัวat เวลา แต่พอมาดูไม่ขึ้น ค่ะ ส่วนของคนนี้ขึ้นมาทุกตัวค่ะ,จากการตรวจสอบส่วนนี้ไม่มีบริหารยาวันถัดไปทำให้รายการไม่มาแสดงค่ะ รายการนี้ที่แสดงทุกตัว เนื่องจากเป็นรายการยาที่สั่งวันนี้นะคะ
603,ห้องพยาบาล,เคสนี้รบกวนช่วยรบคำสั่งอันนี้ให้หน่อยค่ะ,สามารถกดยดเลิกได้เลยนะคะ
604,ห้องพยาบาล,รบกวนเช็ค HN0028641 ให้หน่อยครับ พอดีหมอกดส่งคำสั่งแพทย์ไม่ไปครับ พยาบาลไม่เห็นข้อมูลครับ,ยังไม่ได้นำเข้าใบออเดอร์นะคะ
605,ห้องพยาบาล,ไม่ขึ้นวัน เวลาAdmitค่ะ,แก้ไขเรียบร้อย
606,ห้องพยาบาล,ขอสอบถามค่ะ สามารถลบlab รหัส 94-101ได้ไหมคะ,รายการถูกยืนยันผลแล้ว ทางทีมไม่สามารถลบรายการออกได้ค่ะ
607,ห้องพยาบาล,แบบนี้กดoff Mero 500 mg q 12 hr ยังไงคะ,ส่วนนี้จะต้องรีวิวReview treatmentเพื่อหยุดใช้นะคะ
608,ห้องพยาบาล,ยกเลิกรับคำสั่งวันนี้ค่ะ Lab ล่วงหน้าเจาะพรุ่งนี้ค่ะ,หากต้องการยกเลิกรับ สามารถลบรายการที่หน้านี้ได้เลยนะคะ
609,ห้องพยาบาล,พยาบาลรับ Order ไม่ได้ค่ะ สามารถแก้ไขได้ไหมคะ,หมายถึงยังไงนะคะ ตอนนี้เจ้าหน้าที่ log in เจ้าหน้าที่ท่านไหนคะ หาก log in เจ้าหน้าที่ท่านไหนจะต้องใส่รหัสของ login นั้นๆค่ะ
610,ห้องพยาบาล,Order แพทย์ไม่โชว์ รบกวนเช็คให้หน่อยค่ะ,จากการตรวจสอบยังไม่มีรายการออเดอร์มานะคะ
611,ห้องพยาบาล,กรณีสั่งใช้เวชภัณฑ์มิใช่ยา ระบบจะแจ้งเตือนห้องยามั้ยคะ,โดยปกติจะไม่แจ้งเตือนที่ห้องยาค่ะ กรณีเป็นรายการที่ห้องยาต้องจ่ายรายการถึงจะแสดงค่ะ
612,ห้องพยาบาล,ถ้าต้องการลด หน้า นี้ค่ะ เอาpathology 307 ออก,ส่วนนี้สามารถแจ้งไอทีนำออกได้เลยนะคะ
613,ห้องพยาบาล,รบกวนลบ order นี้ค่ะ คุณหมอสั่งซ้ำค่ะ,"ส่วนนี้สามาถยกเลิกคำสั่งแพทย์ >ลบใบสั่งยา > ลบรายการยาที่หน้า Current Profile จุดสังเกตที่หน้า Current เวลา 13.08 เป็นเวลาเดียวกันกับรับออเดอร์ ค่ะ 
-ใบส่วนของใบสั่งยาจะต้องแจ้งห้องยาปลดล๊อคก่อนนะคะจึงจะลบได้ค่ะ"
614,ห้องพยาบาล,ช่วยดึงข้อมูล order admitให้หน่อยค่ะ,รายการมาแสดงแล้วนะคะ ทีมยังไม่ได้แก้ไขใดๆนะคะ
615,ห้องพยาบาล,สอบถามครับ จะคัดกรอง 2Q 9Q ของจิตเวช สำหรับผู้ป่วยใน ต้องไปทำเมนูไหนครับ,เอกสารนี้อยู่ที่เอกสารทางการพยาบาล 22 ค่ะ
616,ห้องพยาบาล,"ต้องการปริ้นใบสั่ง Xray เข้าปริ้นยังไงครับ",ส่วนนี้บนระบบยังไม่มีนะคะ
617,ห้องพยาบาล,สอบถามค่ะทำไมเตียง F11 ทำไมถึงเป็นสีแดงคะ,มีลงประวัติล่าสุด v/s 38 หากผู้ป่วย temp 38 ขึ้นไปในส่วนการลงข้อมูลที่ DTX รายชื่อผู้ป่วยจะเป็นสีแดง ค่ะ
618,ห้องพยาบาล,รบกวนลบรายการที่lab วงให้หน่อยค่ะ,สามารถลบรายการที่ไอคอนสีหลืองได้เลยนะคะ
619,ห้องพยาบาล,An 680003772 ลบรายการใน medicaltion Profile ของ paperless ไม่ได้ครับ,จะต้องลบทั้งหน้า current และลบใบสั่งยานะคะ
620,ห้องพยาบาล,ถ้าเรายังไม่ได้รันยา สามารถกดตรง offยา แล้วบันทึกใหม่เพื่อไปรันยา ได้ไหมคะ ว่ารันแล้วแต่มันไม่มาขึ้นวันนี้เพราะเห็นเวลาoffเป็น 00:00 คะวันนี้จึงเซนยาไม่ได้คะ,สามารถทำได้ค่ะ แต่หาก off อีกครั้งชื่อผู้ off จะแสดงเป็นชื่อกดoff นะคะ
621,ห้องพยาบาล,สอบถามค่ะคำว่า out หมายความว่าอะไรคะยาตัวนี้เข้ามาในใบมาเองโดยที่ยังไม่บริหารค่ะ,ยานอกค่ะรายการยานอก ไม่แสดงที่ current ค่ะ นำติ๊กสั่งใช้ออก ไม่แสดงแล้วนะคะ
622,ห้องพยาบาล,แพทย์สั่ง orderซ้ำ พอกด off แล้วกดส่งคำสั่งแพทย์มันขึ้นแบบนี้ค่ะ,ระบบไม่สามารถส่งคำสั่งแพทย์ ขนาดเปิดดูใบออเดอร์ทั้งหมดได้นะคะ
623,ห้องพยาบาล,แพทย์ รพ อื่น มา รับ Job เค้า บรรจุ ชื่อ ลง paperless ได้ไหม ครับบ เวลา admit จาก OPD หรือ ER,หากสามารถลีอคอิน ที่his เดิมได้จะสามารถล๊อคอินที่ neo ได้ค่ะ ชื่อจึงจะแสดงนะคะ
624,ห้องพยาบาล,สอบถามค่ะพอดีจะให้เลือดถุงที่2แต่ว่าลงในเอกสารไม่ได้ค่ะ,รีโมทไปที่ครื่องใช้งานปกติ
625,ห้องพยาบาล,รบกวนตรวจสอบชื่อให้หน่อยค่ะ นามสกุลขึ้นมาอยู่ข้างหน้าค่ะ,เจ้าหน้าที่ log in > กดฟันเฟือง มุมขวา > change profile > แก้ไขชื่อ > บันทึก ได้เลยนะคะ
626,ห้องพยาบาล,ขอสอบถามค่ะ ใบ med reconcile ชื่อแพทย์สั่งใช้ด้านล่างใบ สามารถเพิ่มเป็นลายเซ็นต์แพทย์ด้วยได้มั้ยคะ,ส่วนนี้จะยังไม่สามารถเพิ่มได้นะคะ เนื่องจากส่วนนี้เป็นฟอร์มเอกสารส่วนกลางค่ะ
627,ห้องพยาบาล,จาก4/5 ค่ะ จะรบกวนลบ order นี้ออกให้ค่ะ พอดี รับ รคส ยังพิมไม่ครบค่ะ,เลือกใบออเดอร์ที่ต้องการยกเลิก ระบบจะยกเลิกเพียงออเดอร์ใบที่ต้องการยกเลิกนะคะ
628,ห้องพยาบาล,ไม่มี order ขึ้นเลยค่ะ,นำเข้าแล้วใช่ไหมคะ
629,ห้องพยาบาล,รบกวนค้ะสงฆ์ล่าง nurses note คนไข้หายค่ะ,สนี้ย้ายมาจากหอผู้ป่วยหนักนะคะมีข้อมูลอยที่แบบ17ค่ะ แบบที่9ยังไม่มีประวัติการลงข้อมูลนะคะ
630,ห้องพยาบาล,กดยืนยันจ่ายยาไปแล้ว แต่เวลาไม่ถูก อยากแก้เป็น20.00น.แก้อย่างไรค่ะ,จะมีปุ่มแว่นขยายสีฟ้าเมื่อกดเข้าไปแล้วจะมีรายการยาแสดงเลือกรายการและจะมีข้อมูลเช็นยาแสดงสามารถกดลบได้เลยนะคะ
631,ห้องพยาบาล,รับออเดอร์์ยาไม่ไปห้องยา,กดบันทึกใบสั่งยาสีเขียวได้ไหมคะ
632,ห้องพยาบาล,ใบ N/S ขอเพิ่ม ช่องครั้งเป็น 12 ครั้ง ได้ไหมคะ จะได้ครบ 24 ชั่วโมงพอดี,ส่วนนี้จะไม่สามารถเพิ่มช่องได้นะคะ เนื่องจากมีข้อจำกัดด้านการวิวเอกสารข้อมูลค่ะ แต่เอกสารสามารถบันทึกประวัติได้หลายใบค่ะ
633,ห้องพยาบาล,ขออนุญาติค่ะ พอดีรับorder ไปแค่1ครั้ง แต่มียาในcurrent profile รันมา4 ตัวเลย ค่ะ ช่วยลบลำดับอันที่2 3 4หน่อยได้ไหมคะ,"จากการตรสจสอบเป็นรายการที่ add เพิ่มมาที่ใบสั่งยา 3 ใบนะคะ"
634,ห้องพยาบาล,"รบกวนช่วยเช็คให้หน่อยนะคะ
พอดีจะยกเลิก holdยา
แต่พอคลิกไปในบันทึกจ่ายยา เพื่อที่จะลบออก ไม่มีรายการการจ่ายยา",รายการแสดงที่ด้านบนนะคะ เนื่องจากมีรายการยาจำนวนมาก จะต้องเลื่อนดูรายการค่ะ
635,ห้องพยาบาล,รับ order ไม่ได้เกิดจากอะไรคะ ใส่รหัสถูก,รับ order ไม่ได้เกิดจากอะไรคะ ใส่รหัสถูก
636,ห้องพยาบาล,ลิงค์มาจากเอกสารไหนไม๊คะ เพราะเอกสารหมายเลข 3 ไม่ได้ใช้คะ,หากไม่ได้ใช้ส่วนนี้สามารถให้เจ้าหน้าที่ไอทีรพ.ปิดเอกสารได้เลยนะคะ
637,ห้องพยาบาล,"ยังไงนะครับ 
จะสั่ง order D/C มันเพิ่มไม่ได้ครับ",จะต้องเพิ่มที่หน้าการทำงาน ในส่วน ห้องทำงานแพทย์นะคะ
638,ห้องพยาบาล,สามารถดู order case ที่ Dischargeออกไปแล้วได้ไหมคะ,สามารถดูได้ค่ะ ค้นหา ชื่อ/hn/an ผู้ป่วยได้ค่ะที่หน้าพยาบาลติ๊กผู้ป่วยจำหน่ายค่ะ
639,ห้องพยาบาล,สอบถามค่ะ คนไข้แอดมิดจากER case paperless แต่พอมาถึงICU ดึงคนไข้เข้าระบบแล้วไม่มีออเดอร์ขึ้น ไม่มีlogo neo ขึ้นหน้าชื่อ แก้ไขยังไงคะ,กรณีที่ไม่มีใบออเดอร์ขึ้นให้ดัลเบิ้ลคลิกเลือกชื่อผู้ป่วยที่ต้องการค่ะและกดนำเข้าข้อมูลล่วงหน้าค่ะ
640,ห้องพยาบาล,พอดีเคสนี้จะต้องบันทึก vital signs ทุก 15นาที เพราะ on dopa แล้วเราอยากให้มีบันทึกในส่วนของ dopa ด้วยอ่ะค่ะ,สามารถบันทึกที่ตัวเอกสารได้นะคะปุ่มส้มข้างปุ่มลงฟอร์มปรอทค่ะ
641,ห้องพยาบาล,สอบถามค่า ยาตัวนี้ ยาเวลาaddชาร์ตตอน11น.มันไม่ขึ้มมาหลายวันแล้วค่ะ ทั้งที่ไม่ได้off,ทีมหาสาเหตุเพิ่มเติมนะคะ ส่วนนี้เจ้าหน้าที่สามารถกด add chart ได้เลยค่ะ
642,ห้องพยาบาล,รับ order แล้ว แต่ไม่สามารถรันยาได,เลือกรายการนี้แล้วกดนำออกได้ไหมคะ
643,ห้องพยาบาล,บันทึกคำสั่งล่วงหน้าไม่ได้ค่ะ,กรณีที่สั่งแค่รายการล่วงหน้าต้องมีprogress noteด้วยนะคะ
644,ห้องพยาบาล,สอบถามเรื่อง รคส ยาไม่ได้,แนะนำการใช้งาน
645,ห้องพยาบาล,20.39 || นางรอง || สอบถามเรื่องลบ Order รคส ผิดคน,แนะนำการใช้งาน
646,ห้องพยาบาล,สอบถามเรื่องเอกสารพยาบาล 35 ไม่มีชื่อผู้แนะนำ,แนะนำการใช้งาน
647,ห้องพยาบาล,รบกวนดูรายการนี้ให้ด้วยค่ะ set CXR วันนี้รับ order แล้วแต่ ไม่มี order ไปขึ้นที่ CXR,จากการตรวจสอบรายการมาแสดงที่ฐานข้อมูลรพ.แล้วนะคะ
648,ห้องพยาบาล,การ ลงตรวจร่างกาย NB เกิด ตี 1 แต่เรา ตรวจจริง 9 โมงเช้า ระบบจะ fixed ว่าตรวจตี 1 เลยรึครับบ มัน แก้ได้ไหม เอา เวลาที่ลงตรวจจริงๆๆๆ,"ระบบจะดึงเวลา admit มาก่อนค่ะ กรณีต้องการแก้ไขสามารถแก้ไข ส่วนนี้ก่อนบันทึกได้เลยนะคะ"
649,ห้องพยาบาล,"เคสนี้แอดมิทใน hosxp ด้วยสิทธิ์ พรบ. ซึ่งต้องใช้วงเงิน 30,000 ของ พรบ.ให้หมดก่อนค่าใช้จ่ายถึงจะปัดไปใช้สิทธิ์ที่ 2 ซึ่งเป็น สิทธิ์บัตรทองครับ แต่ทาง ward แจ้งมาว่าใน paperless ขึ้นสิทธิ์บัตรทองหมดเลยซึ่งเป็นสิทธิ์ที่ 2 ครับ ตามกระบวนการของ hosxp ตอนนี้คือจะใช้สิทธิ์ พรบ.ก่อนครับ",แจ้งพี่โด่งโทรอธิบายการใช้งาน
650,ห้องพยาบาล,รบกวนตรวจสอบ order จำหน่าย caseนี้หน่อยค่ะ orderหายไป,จากการตรวจสอบที่ฐานข้อมูล ไม่มีรายการออเดอร์นะคะ
651,ห้องพยาบาล,บริหารยา metforminไม่ได้ค่ะ,นำติ๊กแสดงบนใบมาร์ออกทำใ้ไม่พบ
652,ห้องพยาบาล,ขออนุญาติสอบถามค่อ ในส่วนของใบ Mar กับ oder ไม่ตรงกัน สามารถแก้ได้ไหม,ใบมาร์ตรวจสอบได้ที่ส่วนนี้ สามารถแก้ไขได้
653,ห้องพยาบาล,บริหารยาไม่ได้,มีค่าว่างที่ส่วนนี้นะ
654,ห้องพยาบาล,ขอแยกยาวัน day กับ ยา Homemed,มีแต่รายการยา นอกนะ
655,ห้องพยาบาล,จะเพิ่ม user พยาบาล 1 ท่าน ใช้เมนูไหน,หากมีเพิ่มจากhosxp แล้วสามารถนำเข้า use ได้เลย
656,ห้องพยาบาล,"ขอสอบถาม กรณีมีเคสผ่าตัดคนเดิมสองรอบ หรืออาจจะมากกว่านั้น มีการใช้ฟอร์มเดิมทุกรอบ แต่จะเปลี่ยนแค่วันที่ พบว่าฟอร์ม67 มีข้อมูลโชว์รอบการผ่าตัดชัดเจน
แต่ฟอร์มอื่นๆที่เป็นแผ่นเดียว ไม่มีข้อมูลแสดงการผ่าตัดรอบก่อนๆ ไม่ทราบว่าหากเป็นแบบนี้ข้อมูลเดิมที่มีการผ่าตัดจะหายไปไหม",ข้อมูลที่ถูกบันทึกจะแสดงตามประวัติส่วนนี้ หน้าการทำงานนี้จะเป็นหัวข้อ
657,ห้องพยาบาล,สอบถามถ้าลืมรับorderแล้วมากดรับทีหลีงสามารถเปลี่ยนวันที่ได้ใหม,ในปุ่มรับออเดอร์จะมีชื่อวันที่เวลารับออเดอร์อยู่และมีปุ่มแก้ไข
658,ห้องพยาบาล,รายการยา ไม่ขึ้นในใบmar,แก้ไขให้แล้วนะ ติ๊กจ่ายยาวันพุทธเอาไว้
659,ห้องพยาบาล,ดู AN 680014578,บริหารยาที่หน้า current ก่อนได้ไหม
660,ห้องพยาบาล,ไม่สามารถกดรับ order ยาได้ ต้องกดตรงไหน,รายการยา mr ไม่มีวันที่นะ
661,ห้องพยาบาล,สอบถามจากห้องยา ดูใบ DUE ย้อนหลังจากหน้านี้ใช่ไหม,ส่วนนี้
662,ห้องพยาบาล,ระหว่างหยุดระบบ ผมวิธีการส่ง consult และ ตอบใบ consult Rehab หน่อย,ส่วนนี้มีอยู่นะ
663,ห้องพยาบาล,ลบค่าผ่าตัดออก 1รายการ,หากเป็นรายการ ATO จะต้องเป็นเจ้าหน้าที่ ที่มีสิทธิลบ ถึงจะสามารถลบได้นะ
664,ห้องพยาบาล,ขออนุญาต เซ็นใบให้ยาไม่ได้ มันขึ้นเป็นเซ็นแล้วทั้งหมดทุกเวลาของวันที่ 9/10/68,มีการเซ็นยาไว้แล้ว หากต้องการลบจะต้องเข้าที่แว่นขยายแล้วสามารถลบได้เลยนะ แต่จะต้องเป็น user ที่เซ็นยาก่อนหน้า
665,ห้องพยาบาล,คนไข้ on warfarin แต่สั่งมะขามป้อม สรุประบบ pop up ไม่สามารถใช้ได้ใช่ไหม,มีติ๊กห้ามสั่งใช้ แต่ไม่ได้ติ๊กตรวจสอบกับใบสั่งยาย้อนหลังทำให้สั่งยาได้
666,ห้องพยาบาล,สวัสดี ถ้าต้องการให้มีเสียงแจ้งเตือนเมื่อมี order เข้าต้องทำอย่างไร,หมายถึงหน้าห้องยาใช่ไหม หากเป็นหน้าห้องพยาบาลจะมีเพียงแฟ้มสีน้ำเงิน จะไม่มีเสียงแจ้งเตือน
667,ห้องพยาบาล,แก้ไข User Ac. เป็นศุภลักษณ์ รัตนอนงค์,สามารถแก้ไขที่ส่วนนี้ได้เลยนะ เลือก chang profile
668,ห้องพยาบาล,แอดมิน มีวิธีหรือสามารถลิ้งค์ ผลlab มาที่เอกสาร 20 นี้ได้ไหม คือต้องมาพิมพ์เองตลอดเลย โดยเฉพาะผลเพาะเชื้อ,ตอนนี้ยังไม่สามารถลิงค์ได้นะ
669,ห้องพยาบาล,แก้ไขหน่อย สัญลักษ รับ order ไม่แสเดง,มีการรับออเดอร์วันที่ 3/11/68 นะทำให้แฟ้มไม่แสดง
670,ห้องพยาบาล,กดรับคำสั่งแพทย์ไม่ได้,มีเจ้าหน้าที่ท่านอื่นเข้ารับอยู่นะ หากเอาเมาท์ไปชี้จะแสดงชื่อเจ้าหน้าที่ ที่เข้าอยู่
671,ห้องพยาบาล,ขอสอบถามเวลาคลอด สามารถลงตรงช่องเวลาในฟอร์มที่คลอดได้ไหม เช่น คลอด 01.12 น. แต่ในฟอร์มปรอท ไปขึ้นในช่องเวลา 18.00 น.ค่ั,จากการตรวจสอบส่วนนี้จะไม่แสดงตามเวลาที่ลงนะ
672,ห้องพยาบาล,มันไม่ให้กดรับ,แก้ไขเรียบร้อย
673,ห้องพยาบาล,ปกติสั่ง LAB ใน Neo แล้วมันจะไปโผล่ใน LIS ไหม,ไปแสดง
674,ห้องพยาบาล,สอบถามตั้งค่าปริ้นยังไงให้ได้หลายวันในใบนี้ แผ่นนี้ได้แค่วันเดียว,ทำตามขั้นตอนนี้ได้เลยนะ
675,ห้องพยาบาล,ขอสอบถามค่า สามารถแก้ preset ที่เขียนเป็น gm ให้เป็น ml ได้ไหม ขอสอบถามค่า สามารถแก้ preset ที่เขียนเป็น gm ให้เป็น ml ได้ไหม,เป็นวิธีใช้ยาใช่ไหม โดยปกติสามารถแก้ไขได้เลยนะ
676,ห้องพยาบาล,Case นี้มีชื่อแพทย์เจ้าของไข้ แต่ใบประเมินภาวะสุขภาพไม่ขึ้นชื่อ,พร้อมแนบคลิปวิดีโอการบันทึกข้อมูล
677,ห้องพยาบาล,V/S คนไข้ก่อนย้าย ลงตรงไหน,แจ้งทางพี่โด่งโทรแนะนำการใช้งานให้เรียบร้อย
678,ห้องพยาบาล,ลง v/s ทุก 5 นาที ลงตรงไหนพร้อมกิจกรรมการพยาบาล ให้อยู่ตรงช่องเดียวกัน,แจ้งทางพี่โด่งโทรแนะนำการใช้งานให้เรียบร้อย
679,ห้องพยาบาล,พี่ Neo แก้ไข วันที่รับ Order เป็นวันที่ 11/11/68 เวลา 09 น ค้า,"สามารถแก้ไขที่ส่วนนี้ได้เลยนะ 
รับคำสั่งแพทย์ > edit > บันทึก"
680,ห้องพยาบาล,ช่วยดู ขึ้นแบบนี้แล้ว แต่ห้องยา มองไม่เห็นว่ามีการรับคำสั่ง HN43158/HN119552,แพทย์สั่งรายการยากลับบ้าน รายการยาจะอยู่ที่รายการยากลับบ้านนะะ
681,ห้องพยาบาล,สรุปตอนนี้ ถ้า add chart ของวันนั้นแล้วสามารถ add chart มาอีกได้หรือไม่,แก้ไขเรียบร้อย
682,ห้องพยาบาล,รคส คำสั่งแพทย์ labล่วงหน้า เปลี่ยนเวลาเป็น6.00น.แล้วแต่เวลาตอนพยาบาลจะกดรับออเด้อขึ้นเปนเวลาที่คีย์สั่ง,หากมีรายการก่อนหน้าเป็นวันเวลาเดียวต้องสั่ง ออเดอร์ เป็นเวลา 06:01 นะ
683,ห้องพยาบาล,คุณหมอได้ทำการadmit ในneoHos แต่V/Sไม่ขึ้น,หากลงข้อมูลที่ฟอร์มปอรทแล้วจะแสดงนะ
684,ห้องพยาบาล,ทำไม order ตอนนี้ขึ้นเป็น 20:54 เมื่อวานนะ,มีการเขียนออเดอร์ในใบออเดอร์เดิม ก่อนสั่งออเดอร์จะต้องกด New order ก่อนนะ
685,ห้องพยาบาล,แพทย์แจ้งว่าพิมพ์หา 3%sodium chloride ไม่เจอในระบบ neohos,ทีมทดสอบสั่งยา มีรายการยานะ
686,ห้องพยาบาล,ลบ order นางเนียม ยี่สุนแก้ว เวลา 14.56,หากเป็นรายการที่ยังไม่รับออเดอร์ สามารถยกเลิกรับคำสั่งแพทย์ที่ส่วนนี้ได้เลยนะ
687,ห้องพยาบาล,ลบแลปทั้งสองตัวออกให้ด้วยนะ,สามารถลบรายการที่ส่วนนี้ได้เลยนะ รายการจะแสดงให้รับออเดอร์อีกครั้ง ทีมแก้ไขรายการใบออเดอร์ให้
688,ห้องพยาบาล,ขอด้วย ทำไมคุณหมอ แอดมิด รับแ ดมิดจากHosxp แล้ว ไม่มีข้อมูล ออเดอร์คุณหมอมาเลย,นำเข้าข้อมูลแล้วใช่ไหม
689,ห้องพยาบาล,สามารถกลับไปพิมการตอบกลับได้มั้ย ว่าได้ทำไปแล้ว,เลือกใบออเดอร์ที่ต้องการตอบกลับได้เลยนะ
690,ห้องพยาบาล,สอบถามหน้าการทำงาน Admit ล่วงหน้ามีรายการที่รับ Order แล้ว,แนะนำ
691,ห้องพยาบาล,สอบถามเรื่องแลปAlert สามารถตั้งค่า ให้ได้ตามค่าที่โรงพยาบาลกำหนดได้ไหม,ค่า Lab ส่วนนีั้ทางทีมดึงข้อมูลมาจากฐานข้อมูลของรพ.มาแสดง
692,ห้องพยาบาล,สอบถาม กดเข้าไปที่ MARS แล้วเป็นแบบนี้ แก้ไขยังไง HN 253581,บริหารยาที่หน้า current ก่อนได้ไหม
693,ห้องพยาบาล,สอบถามอันนี้มีใครเก็บรหัสไว้ไหม,แก้ไขเรียบร้อย
694,ห้องพยาบาล,สอนลบรายการที่ order ซ้ำ,รายการนี้เป็นรายการ add chart มานะ
695,ห้องพยาบาล,สอบถามหน่อยค่า รับ order ยากลับบ้านไม่ได้,รายการยา mr ไม่มีวันที่
696,ห้องพยาบาล,"คำสั่งแพทย์วันที่ 14 พ.ย . METFORMIN 850 1x2 po pc ในใบ mar กับ Current ทำไมเป็น 1x3po pc
GLIPIZINE 1x2 po ac ทำไมเป็น 2x2",จากการตรวจสอบมีการแก้ไขวิธีใช้นะ
697,ห้องพยาบาล,เข้าข้อมูลไม่ได้,แก้ไขเรียบร้อย
698,ห้องพยาบาล,แก้เปนวันที่ 15/11/68 ได้ไหม,เป็นรายการใบออเดอร์ Lab ล่วงหน้านะ มีการสั่งออเดอร์เข้าใบออเดอร์ของ Lab ล่วงหน้านะ
699,ห้องพยาบาล,จาก 4 ชั้น1 ลบรายการแลป 4012085 แต่ไม่ลบ order นะ,ทางทีมไม่สามารถลบรายการได้นะ เนื่องจากรายการถูกดึงเข้าระบบห้อง Lab แล้ว
700,ห้องพยาบาล,ลบ order นี้ให้ด้วย ทำผิด,หากยังไม่รับคำสั่งแพทย์รายการยา สามารถยกเลิกที่ส่วนนี้ได้เลยนะ
701,ห้องพยาบาล,"เคสที่ มีทำ I/O มี,ทำสัญลักษณ์,ด้านหน้า ไหม",หากมีการลงข้อมูล I/O จะไม่มีไอคอนแสดงนะ
702,ห้องพยาบาล,แบบฟอร์มที่ 103 ใบประเมินประเภทคนไข้ ปกติเราใช้เป็น เวร ดึก เช้า บ่าย เวลา กลับมาเข้าใหม่ระบบจะเปลี่ยนเป็น เช้า บ่าย ดึก,ส่วนนี้มีตั้งค่าที่ผู้ดูแลระบบนะ
703,ห้องพยาบาล,ตรวจสอบให้ด้วย ทำไมสั่งแลปล่วงหน้า แล้ว ห้องแลปไม่เห็นแลป,เจ้าหน้าที่ยังไม่ได้รับออเดอร์นะ รายการจะไม่ไปที่ห้อง LAb
704,ห้องพยาบาล,จากOR นะ ใน Discharge summary view แล้ว มี Operation และเวลาที่ทำผ่าตัด แต่ในแฟ้มเวชเบียน ไม่ขึ้น คนไข้ชื่อ นายจันดี รุ่งเป้า HN 347622,หากมีการลงบันทึกข้อมูลต้องกดบันทึกแก้ไขด้วยนะ
705,ห้องพยาบาล,กรณีแอดมิด เจ็บครรภ์คลอด แพทย์ Order เป็น One Day ทั้งหมด ทางฝั่งตึกห้องคลอดไม่มีรายงานแจ้งว่ามีออเดอร์ แต่ห้องยาเห็นว่ามียา ในฝั่งของแพทย์ขึ้นหน้าจอว่าไม่มีคนรับออเดอร์ แบบนี้ผิดปกติไหม,ยังไม่มีการนำเข้ามูล
706,ห้องพยาบาล,เคส paperless เคสนี้ พี่พยาบาลรับออเดอร์แล้วแต่รายการยาไม่เด้งในหน้าสั่งยา,ยังไม่ได้รับออเดอร์
707,ห้องพยาบาล,case นี้ labไม่ลิ้งเข้ามา,รายการบันทึกเพิ่มเติมไม่แสดงนะ
708,ห้องพยาบาล,คีย์ เลือดไปจะเซ็นในใบ mar แต่่มันไม่ขึ้นในใบ mar,หากคีย์ ที่หน้าMedication Profile ต้องบันทึกที่หน้าCurrent Profile เพิ่มเติมนะ
709,ห้องพยาบาล,การจำแนกประเภทผู้ป่วย (ตามเกณฑ์ของ Warsler 5 ประเภท) เอกสาร 103 ดึงมาหน้าฟอร์ปรอทอัตโนมัติได้ไหม,ส่วนนี้จะไม่สามารถดึงมาหน้าฟอร์ปรอทอัตโนมัติได้นะ
710,ห้องพยาบาล,กดรับ order ไม่ได้ค่ะ อันนี้ขึ้นตลอดค่ะ,กดตกลงก่อนนะคะ เป็นแจ้งเตือนยา HAD ค่ะ
711,ห้องพยาบาล,รบกวนลบสถานพยาบาลส่ต่อออกให้หน่อยค่ะ,มีลงข้อมูลไว้นะคะสามารภนำข้อมูลส่วนนี้ออกได้เลยนะคะ
712,ห้องพยาบาล,สอบถามค่ะ ขยายช่องตรง HN กับ AN ไม่ได้คะ,"สามารถขยายส่วนนี้ได้เลยนะคะ นำเมาส์วางไว้ให้มีลูกศรขยายแสดง แล้วขยายช่องได้เลยค่ะ
ส่งแก้ ( ส่ง SRS แล้ว )ให้ขยายได้"
713,ห้องพยาบาล,สอบถามค่ะในเคสนี้ ไม่สามารถกดลูกศรเลื่อนดูออเดอได้ค่ะ,กดเลือกแสดงทั้งหมดแล้วสามารถเลือกได้ไหมคะ
714,ห้องพยาบาล,พอดีกด ตรง Home RM แล้วมันไม่ได้อะค่ะ หรือต้องรอพยายาลรับออเดอร์ก่อนคะ พอดีปกติคลินิกธาลัสซีเมียจะทำออเดอร์แอดมิด ละก็รวด D/C ไว้เลยอ่าค่า,หากมีรายการสั่งเพิ่มจะต้องกด New order นะคะเนื่องจากรายการมีการส่งคำสั่งแพทย์แล้วค่ะ
715,ห้องพยาบาล,แลปก็คีย์ไม่ได้ค่ะ,รายการ Lab รบกวนคีย์เป็นรายการ order special ได้ไหมคะ เนื่องจากข้อมูลยังโอนมาไม่ครบค่ะ
716,ห้องพยาบาล,ช่วยอัพเดทตารางนี้ให้หน่อยครับ ใน hosxp เอารายการ CT ออกแล้วนะครับ,ส่งแก้ ( ส่ง SRS แล้ว) ให้จับข้อมูลจาก active_status
717,ห้องพยาบาล,รายการยาไม่เจอ เนื่อวจากไปกดตรงจ่ายยาวันถัดไปต้องแก้ไขยังไงคะ,ติ๊กกดจ่ายวันถัดไปออก รายการยามาแสดงปกติไหมคะ
718,ห้องพยาบาล,เคสนี้แพทย์ Order ตั้งแต่เมื่อวานวันที่ 19 พ.ยเวลาประมาณ 11:00 น แต่วันนี้เวลาเด้งขึ้นเป็นวันที่ 20 8 โมงผู้รับออเดอร์รับ6 ทุ่มกว่า,เนื่องจากมีการเขียนออเดอร์บนใบออเดอร์ Lab ล่วงหน้านะคะ หากแก้ไขใบออเดอร์เป็นวันที่ 19 รายการ Lab จะหายนะคะ ก่อนออเดอร์ทุกครั้งทีมแนะนำให้กด new order ก่อนนะคะ
719,ห้องพยาบาล,ยาทุกวันที่ 1กับ 16 ตั้งอย่างไรค่ะ วัน เว้นวัน ตั้งยังไงค่ะ,ตอนนี้ระบบจะยังไม่มีล็อกวันให้ยาค่ะ ทีมแนะนำสั่งยาในวันที่ 1 และวันที่ 16 นะคะ
720,ห้องพยาบาล,Save ยา cont ไม่ได้ค่ะ Case เดิมค่ะ,หากใส่วันที่ส่วนนี้สามารถรับออเดอร์ได้ไหมคะ
721,ห้องพยาบาล,ถ้าเกิดเหตุการณ์แบบนี้ พยาบาลควรทำอย่างไรได้บ้าง หากไม่ใช่แอดมิน หรือทีม เพื่อสะดวกในการทำงานที่หน้างานค่ะ,หากมีรายการที่ add เพิ่มมาซ้ำแล้วต้องการลบรายการ จะต้องลบที่หน้า current และใบสั่งยา ค่ะ โดนดูจากเลข current plan ให้ตรงกันทั้งในใบสั่งยาและหน้า current ค่ะ กดที่รายการยาเลขจะแสดงค่ะ
722,ห้องพยาบาล,หน้าคำสั่งแพทย์ยังไม่ขึ้นว่ารับ Order ค่ะ แต่ว่าไม่มีแฟ้มสีฟ้าขึ้นให้รับ Order ค่ะ,จากการตรวจสอบมีการรับออเดอร์แล้วนะคะ
723,ห้องพยาบาล,รบกวนสอบถามค่ะ พอดีเคสดีตอนแรกorder ยาไปแล้วแต่ยกเลิกorder แล้วพอดีจะorder ยาอีกรอบส่งคำสั่งแพทย์ไม่ได้ค่ะ Hn :0072261 ค่ะ,หากเปลี่ยนเวลาสั่งเป็น 14.01 สามารถสั่งรายการยาได้ไหมคะ
724,ห้องพยาบาล,เข้าไปลง เนิสโนส ใน นีโอ เซบเรียบร้อยข้อมูลไม่ขึ้นค่ะ เป็นมา 3 เวรแล้วค่ะคนไข้คลอดเมื่อวานนี้ 18.10 ค่า เอกสารห้องคลอด 46,ส่วนนี้มีบันทึกไหมคะ
725,ห้องพยาบาล,จะให้ higt alert drug ไปอยู่ที่หมวดเอกสารการพยาบาล ได้ใหมครับ,จะให้ higt alert drug ไปอยู่ที่หมวดเอกสารการพยาบาล ได้ใหมครับ
726,ห้องพยาบาล,ผู้ป่วย ทำD/C ยาที่เซนต์ไว้วันที่19 ไม่ขึ้นในใบmar แก้ไขอย่างไรคะ,ดูปิดวันที่
727,ห้องพยาบาล,ตอนแรกเราใช้หน้านี้ ไม่ต้องการใช้หน้านี้แล้วลบยังงัยค่ะ RECORD V/S,ต้องการลบเอกสาร
728,ห้องพยาบาล,สวัสดีดีค่ะ พอดีจะลงvital sign แต่กดบันทึกไม่ได้ค่ะ,นำเม้าส์ชี้แสดงข้อความไหมคะ
729,ห้องพยาบาล,"จากตึกบุญประสงค์ จิตเวชครับ 

ถ้าเกิดเราจะอัพโหลดเอกสารเพิ่มเติมเข้าไปในส่วนนี้เราสามารถแก้ไขเพิ่มหมายเลขเข้าไปได้ไหมครับต้องทำอย่างไร",โดยปกติสามารถประสานไอที รพ. เพิ่มเติมได้ที่ส่วนนี้ค่ะ
730,ห้องพยาบาล,ขอสอบถามอีกครั้งค่ะ ว่าเวชภัณที่ไม่ใช่ยาต้องลงตรงไหนคะ,มีลงสั่งได้ที่หน้าใบออเดอร์ และ Medication Profile ค่ะเลือกลงอย่างใดอย่างหนึ่งป้องกันการคีย์ซ้ำค่ะ
731,ห้องพยาบาล,ลบยาออกจากใบสั่งยาแล้ว ยายังแสดงที่ใบ Mar,แนะนำ
732,ห้องพยาบาล,ขออนุญาตค่ะ ผลแลป เคสห้องคลอดผลแลปไม่ขึ้นค่ะ HN 0058926 นางสาวแสงดาว รัตนแสง,จากการตรวจสอบห้อง Lab ยังไม่ออกผล Lab นะคะ
733,ห้องพยาบาล,"อัพเดตระบบรอบหน้า พอจะช่วยแก้ไขไม่ให้ ""วันที่สั่งยา"" มีผลต่อการแสดงผลส่วนอื่นได้มั้ยคะ (ที่เคยมีปัญหา ก่อนหน้านี้ด้วย)",ส่วนนี้ทีมจะต้องหาสาเหตุก่อนค่ะ ว่าเกิดจากสาเหตุใดได้บ้างค่ะ เนื่องจากางทีมทดสอบกดที่ระบบทดสอบรายการวันที่มาแสดงปกติค่ะ
734,ห้องพยาบาล,แต่order ก็ยังอยู่ใช่ไหมคะ,"- หากลบรายการยาที่ current และใบสั่งยา รายการยาจะแสดงจะให้รับออเดอร์ใหม่ กรณียังไม่ยกเลิกคำสั่งแพทย์ค่ะ 
- หากลบที่ current และใบสั่งยาแล้ว และยกเลิกคำสั่งแพทย์รายการจะไม่แสดงที่หน้าใบออเดอร์ค่ะ"
735,ห้องพยาบาล,สอบถามคะเคสนี้หมอสรุปแล้วไม่ขึ้นลายเซ็นต์ของหมอที่สรุปคะแก้ไขไม่ได้คะ,ทีมตรวจสอบที่ผู้ดูแลระบบไม่พบลายเซ็นต์นะคะ หากแก้ไขเจ้าหน้าที่ท่านนี้จะต้อง log in เข้ามาแก้ไขค่ะ
736,ห้องพยาบาล,ขอสอบถามหน่อยค่ะ กรณีที่เรา keyอาหารในฟอร์มปรอท จะสามรถดึงข้อมูลมาหน้าอาหารเลยได้ำหมค่ะ,ระบบไม่สามารถดึงมาที่หน้าอาหารได้นะคะ
737,ห้องพยาบาล,เคสนี้แพทย์ order ยาซ้ำค่ะ เภสัชoff ยา เพราะยาซ้ำค่ะ,"1.ดับเบิ้ลคลิกรายการยา 
2.นำติ๊กจ่ายวันถัดไปออก 
3.บันทึก นะคะ มีตั้งจ่ายพรุ่งนี้ทำให้รายการยาไม่แสดงค่ะ"
738,ห้องพยาบาล,ฝากneo ลบค่าECGออกค่ะ ไม่มีทำ,ส่วนนี้ต้องเป็นผู้มีสิทธิ์ ลบรายการนะคะ
739,ห้องพยาบาล,สรุปชาร์ทไม่ได้คับ Carl+ Alt + F5 ก็ไม่ได้คับ,แสดง error อะไรไหมมคะลงข้อมูลที่หน้าการทำงานส่วนไหนไม่ได้ค่ะ รบกวนขอรีโมทเครื่องที่มีฐานข้อมูลค่ะ
740,ห้องพยาบาล,รบกวนดูให้หน่อยค่ะ เมนุ review order ไม่ขึ้น,หมายถึงReview treatment ไหมคะ
741,ห้องพยาบาล,รบกวนพี่ Neo ลบรายการ Chest film ให้เหลือรายการเดียวค่ะ ผู้ป่วย Chest film ครั้งเดียว แต่ขึ้นเป็น 2 ครั้งค่ะ,รายการโอนเข้ามา 2 ครั้งนะคะ ส่วนนี้จะต้องเป็นผู้ที่มีสิทธิลบสามารถลบได้นะคะ ทางทีมไม่สามารถลบได้ค่ะ
742,ห้องพยาบาล,ช่วยแก้ไข้labให้เป็รวันนี้ได้ไหมค่ะ เผลอรับออเดอร์ไปแล้วค่ะ,เป็นรายการสั่ง Lab ล่วงหน้าไปวันที่ 26/11 นะคะ
743,ห้องพยาบาล,จะแก้ชื่อผู้ตวรจสอบทำยังไงค่ะ,กดเข้าในปุ่มแว่นขยายแล้วลบรายการที่ต้องการแก้ไขแล้วเซ็นใหม่ได้เลยค่ะ
744,ห้องพยาบาล,ปริ้นส์เอกสารและสติ๊กเกอร์ไม่ได้นะคะ,จากการตรวจสอบพบว่าเครื่องอื่นสามารถใช้งานได้ตามปกติ จึงคาดว่าอาจไม่ใช่ปัญหาจากตัวระบบค่ะ
745,ห้องพยาบาล,อาจารย์คะ ถ้าจะลบข้อมูล AN นี้ คือ ลบตรงนี่ได้เลยใช่ไม๊คะ,ยกเลิก admit สามารถยกเลิกส่วนนี้ได้เลยนะคะ แล้วยกเลิกที่ hosxp อีกครั้งค่ะ
746,ห้องพยาบาล,นางรองลบให้ทีจ้ะ เอกสารพยาบาลที่ 1,เอกสารเชื่อมมาจากฟอร์มปรอทค่ะพี่อีส เลยลบไม่ได้ค่ะ
747,ห้องพยาบาล,เราสามารถนำปุ่มเพิ่มลด จำนวนออกจากฟอร์มได้ไหมคะ,ส่วนนี้จะไม่สามารถนำออกได้นะคะ
748,ห้องพยาบาล,สวัสดีค่ะ รบกวนลบออเดอร์ให้หน่อยค่ะ,หากยังไม่รับออเดอร์สามารถยกเลิกคำสั่งแพทย์ได้เลยค่ะ
749,ห้องพยาบาล,ขออนุญาตสอบถามนะคะพอดีว่ากดส่งคำสั่งเเพทย์ order กลับบ้านไปผิดวันเเต่set วันไว้เเล้ววันที่29/11/67 แต่กดส่งวันนี้ ถ้ากดยกเลิกคำสั่งแพทย์มันจะorder หายไหมคะพี่ หรือไม่ต้องทำอะไรพอถึงวันที่29/11/68 ค่อยกดส่งใหม่,หากกดยกเลิกคำสั่งแพทย์ ใบออเดอร์จะหายค่ะ ใบออเดอร์เป็นวันที่ 29/11 แล้วนะคะ วันที่ 29/11 เจ้าหน้าที่ค่อยรับออเดอร์ค่ะ
750,ห้องพยาบาล,ยาที่ hold ฝั่ง continue เวลาคีย์ยากลับบ้านมันไม่เด้งขึ้นมาด้วยค่ะ ยาฝั่งคอนมาไม่ครบค่ะ เมื่อก่อนมันเด้งมาด้วยนะคะ,จากการตรวจสอบมีรายการสั่งหยุดใช้ทำให้รายการไม่มาแสดงค่ะ
751,ห้องพยาบาล,รีวิว chart ของห้องคลอด พบมีบันมึกการใช้แบบประเมิน 100011 National Early Warning Score 2 (NEWS 2) แล้วลอง ค้นในเอกสารทางการพยาบาลไม่ขึ้นเอกสาร จะปรึกษาว่าตัวเองทำขั้นตอนไหนผิดพลาดอะไรป่าวคับ,ข้อมูลจะอยู่ที่ DTX นะคะ
752,ห้องพยาบาล,รบกวนดูให้หน่อยได้ไหมคะ จะกดรับออเดอร์ ใส่รหัสแล้ว ยืนยันออเดอร์ขึ้นแบบนี้คะ,รายการยา Mr ไม่มีวันที่ค่ะ
753,ห้องพยาบาล,ลบกวนลบออเดอร์x-ray ค่ะ,ส่วนนี้จะต้องประสานห้อง xray ลบรายการให้นะคะ
754,ห้องพยาบาล,"ทางตึกแจ้งมาครับ
ในส่วนของ Nurses Note -> บันทึกการพยาบาล -> Nursing Focus Note อยากให้ดูได้อย่างเดียว บันทึกเป็น template ของแต่ละคนได้ แต่ห้ามไม่ให้คัดลอกของคนอื่นไปใช้
เนื่องจากบางเคส มีการคัดลอกข้อมูลก่อนหน้ามาบันทึกซ้ำ ทำให้ข้อมูลคนไข้ Audit ไม่ผ่านครับ",ส่วนนี้ทางทีมมีแก้ไขรายการให้ Lock ข้อมูล user อื่นไม่สามารถเข้ามาแก้ไขรายการได้ค่ะ แต่ในกรณีที่ห้ามไม่ให้ copy ทางทีมไม่สามารถแก้ไขได้ค่ะ
755,ห้องพยาบาล,ราบการสั่งแลปไม่เข้าค่ะ กดรับคำสั่งแล้วค่ะ,จากการตรวจสอบรายการเข้าฐานข้อมูลรพ.แล้วนะคะ
756,ห้องพยาบาล,รบกวนลบแลปเคสนี้ แต่คง order ไว้ค่ะ,รายการยืนยันผล Lab แล้วส่วนนี้ทางทีมไม่สามารถแก้ไขรายการได้ค่ะ
757,ห้องพยาบาล,เคสนี้พอทราบมั้ยครับทำไมไม่สามารถกดเซฟได้,ส่วนนี้เจ้าหน้าที่จพสั่งใช้ยาต่อใช่ไหมคะ หรือกดส่วนไหนก่อนหน้านี้ที่ทำให้รายการ save ไม่ได้คะ
758,ห้องพยาบาล,รบกวนเปลี่ยนยา choramp เป็น CPM ให้หน่อยค่ะ เป็น cpm 1 amp iv stat ค่ะ,ส่วนนี้ทางทีมไม่สามารถแก้ไขรายการชื่อยาได้นะคะ
759,ห้องพยาบาล,ยานอก รพ สามารถทำให้เอาไปเข้าในแบบฟอร์ม med Reconcile ได้ไหมครับ มี icode ทุกรายการอยู่นะครับ,รายการนี้ไม่มี icode ยาไม่สามารถไปแสดงที่ med Reconcile ได้ค่ะ หากเป็นยา ใน รพ.คีย์เพิ่มที่หน้าการทำงาน med Reconcile ได้เลยค่ะ
760,ห้องพยาบาล,"สอบถามครับ ตอนนี้มีระบบ homeward ซึ่งจะไป progress กันใน A med ครับ
คราวนี้พอผมถามกับพยาบาลเรื่องไม่ได้ลง bp (พี่เขาบอกลงใน A med) แต่ทำไม v/s อื่น เช่น temp hr rr มาล่ะครับ
แพทย์ถ้า reroder พวก v/s ตามข้ามวันมาด้วยหรอครับ
เอาออกได้ไหมครับ พี่ พยบ ไม่ได้วัดและบันทึกใน neohos ครับ ให้ขึ้น 0 0 0 0 ให้หมดเลยถ้าพี่ พยบ ไม่ได้วัดได้ไหมครับ","จะไม่สามารถให้ขึ้น 0 ได้ค่ะ 
ณ ปัจจุบันหากมีลงข้อมูลไว้ก่อนหน้า และมีreoder จะแสดงค่ะ ทีมแนะนำวอร์ดลงข้อมูล 0 ไว้ที่ ฟอร์มปรอท 1 ประวัติค่ะ"
761,ห้องพยาบาล,สอบถามเรื่องการดูผล LAB นอก สามารถดูในระบบ NeoIPD ได้ไหม,แนะนำ
762,ห้องพยาบาล,สอบถามเรื่องแพทย์สั่ง LAB เป็นเวลา 06.00 แต่ใบออเดอร์แสดงเป็น 18.53,แนะนำ
763,ห้องพยาบาล,ขอสอบถามครับ ถ้าคำสั่งใช้ยาเป็น 2-1-2 แบบนี้จะทำยังไงให้ใบ MAR ขึ้นให้เซ็นหลายอันเหรอครับ,กดที่ปุ่มtimeแล้วเลือกรายการที่ต้องารและกำหนดเวลาได้เลยค่ะ
764,ห้องพยาบาล,ขอสอบถามค่ะ ยาไม่ show ใบ MAR ค่ะ,มีการตั้งจ่ายวันถัดไปกับไม่แสดงใบมาค่ะ ทีมตั้งเปิดรายการที่ปิกไปให้แล้วนะคะ
765,ห้องพยาบาล,สอบถามทีม neo ค่ะหน้า kardex ของ nurse ม่ายทราบว่าปรับให้เสร็จละยังน้อ...จะทดลองใช้ว่า ทำให้ เอื้อต่อการเปิดดู/ใช้ข้อมูลไหมอ่ะค่ะ,ติดตามงานให้นะคะ เบื้องต้นงานยังอยู่ในการปรับแก้ไขอยู่นะคะ
766,ห้องพยาบาล,รบกวนดูเคสนี้ให้หน่อยคะ หมอสั่ง x ray แต่ที่เอกเรย์ มองไม่เห็น จึงไม่สามารถ มา x ray ได้,จากการตรวจสอบรายการเข้าฐานข้อมูลแล้วนะคะ
767,ห้องพยาบาล,สามารถยกเลิก hold ออกได้ไหมคะ,สามารถลบที่ส่วนนี้ได้เลยนะคะ หากเซ็นยาใหม่ไม่ต้องกด hold ค่ะ
768,ห้องพยาบาล,เช็คโหลดไฟล์ไม่ได้ หัวข้อ 13 ขึ้นแถบสีแดง AN680002618 HN000072752,ลงรายละเอียดในช่องที่มีสีแดงแล้วทดสอบอีกครั้งนะ เอกสารแบบบันทึกข้อมูลผู้รับบริการด้านการแพทย์แผนไทย (226)
769,ห้องพยาบาล,"ิเรียนถามทีม. NeoHos. . พอจะมีแนวทางช่วยลดกระดาษ. ในการ admit peperless. บ้าง. 1. ตอนนี้ เวรดึก ER ปรินส์ใบสั่งยา 2 ชุด. และ Docter order 2 ชุด. เพื่อให้ ward 1 ชุด. และห้องยา 1 ชุด. เพื่อ.......เอายาคืน ER. ......เพื่อตรวจสอบความถูกต้อง.....นั้นนี่. อย่างเคสนี้เวรดึกของวันที่ 2 พ.ค.68 เวลา1.20 น. เมือทำตามข้างต้นพบว่า 
1.Docter order 2 แผ่น. X 2 ชุด. = 4 แผ่น
2.ใบสั่งยา 6 แผ่น x 2 ชุด = 12 แผ่น
รวมเคสนี. 16 แผ่น จึงจะขอเรียนถาม. แนวทางการลดภาระงาน. และลดการใช้กระดาษ. แต่ยังสามารถ สื่อสารกับห้องยา. และ ตึกผู้ป่ายในได้",แจ้งไอทีรพ.ให้แนะนำการใช้งานเบื้องต้น
770,ห้องพยาบาล,ในคู่มือ consult แนะนำตรงจุด จะส่งให้ทีมทันตกรรม,ส่งคู่มือการใช้งาน
771,ห้องพยาบาล,V/S 22.00 น.ขึ้นมาได้อย่างไร โดยไม่มีข้อมูล,เป็นการบันทึกมาจากฟอร์มปรอทวันที่3 ตอน22:00 มีการแก้ไขข้อมูลวันที่อีกที
772,ห้องพยาบาล,คีย์ชื่อผู้ตรวจสอบยาแล้วไม่ขึ้น น้องมาใหม่,แก้ไขเรียบร้อย
773,ห้องพยาบาล,ถ้าต้องการลงรายละเอียดconsultลงยังไง,ส่งคู่มือการส่งและการรับ consult
774,ห้องพยาบาล,แอดมิน ลบการให้ยา metoclopramide ให้หน่ออย ไม่ได้ฉีด เซนต์ผิด,จะต้องใช้ Usere ที่เซ็นต์ยามาลบ ไม่สามารถใช้ Usere อื่นลบแทนได้
775,ห้องพยาบาล,สามารถลบ med reconcile ทั้งหมด แบบว่าไม่ต้องลบทีละรายการยา,ส่วนนี้ยังไม่สามารถลบพร้อมกันได้
776,ห้องพยาบาล,ยกเลิกค่าบริการพยาบาลวันที่7พค.เวลา11.48 HN5500890 วันนี้จะจำหน่ายผู้ป่วยละ เพราะจะเข้าไปแก้ไขไม่ได้เลย,แก้ไขเรียบร้อย
777,ห้องพยาบาล,Case นี้ เข้าสู่ระยะ active ตอน04.00 น. แต่ pot แล้ว กราฟไม่จุดให้ที่ 0,แก้ไขเรียบร้อย (แนะนำการใช้งาน)
778,ห้องพยาบาล,สั่งยาstatไปแต่ไม่ขึ้นในใบmar,ยาstat จะแสดงล่วงหน้าบวกลบไม่เกิน 30 นาทีหลังจากรับออเดอร์ ทำให้เคสนี้แสดงรายการข้ามวัน
779,ห้องพยาบาล,แก้ให้เป็นวันที่9นะ,แก้ไขเรียบร้อย
780,ห้องพยาบาล,Off ยาแล้ว แต่ใบ mar ไม่ off,จากการตรวจสอบรายการยาตัวนี้มีการสั่ง Off หลังจากมีการ add chart ดังนี้ add chart เวลา 00.21 แต่ off ยา เวลา 06.58 เลยทำให้ใบ mar ไม่แสดง off
781,ห้องพยาบาล,เซ็นแล้วแต่มันไม่ขึ้น ตอนนี้ para ไม่ขึ้นให้เซ็นอีกแล้ว,ลองเซ็นต์ใหม่อีกครั้งนะ คนไข้ D/C แล้วไม่สามารถเซ็นต์ย้อนหลัง
782,ห้องพยาบาล,ใบ mar สองอันนี้ต่างกันยังไงหรอ ต้องใช้ตัว,จ้าหน้าที่อบรมหน้างาน แจ้งว่า ถ้ากรณีที่เป็นเคสเก่าที่นอน รพ.อยู่แล้วยังไมได้ดิสชาร์จ ให้ใช้เวอร์เก่าไปก่อน
783,ห้องพยาบาล,ไม่สามารถบันทึกหน้าประเมินสมะนะผู้ปาวยแรกรับได้,มีข้อมูลส่วนมีข้อมูลมากกว่าปกติ
784,ห้องพยาบาล,ตัว A สีแดงตรง AN,"แสดงสถานะประเภทตามฟอร์ม 103 ห้องแพทย์,พยาบาล"
785,ห้องพยาบาล,อาโหลๆๆๆ สรุป ว่า เลือด เติมใน ใบ mar นะ,รอทีมแจ้งนัดซูมสอนการใช้งาน ใบ mar v.2 นัด 28/5/68 ช่วงบ่าย
786,ห้องพยาบาล,ต้องการลบเอกสารมบสรุปรายการค่าใช้จ่าย,เอกสารนี้บันทึกไปที่แฟ้มอัตโนมัตินะ
787,ห้องพยาบาล,แจ้งปัญหา คนนี้แพทย์order วันที่ 16 และพญาบาลรับorder 16 ตอน 10.59,รับออเดอร์เข้าใบสั่งยาเดิม
788,ห้องพยาบาล,ทีม neohos ในกรณีผู้ป่วยจำหน่ายไปแล้ว แต่เวชระเบียนไม่สมบูรณ์ ต้องมีการแก้ไข progress note ในส่วนของแพทย์ สามารถทำอย่างไรได้บ้าง,ในส่วนของการตั้งค่านี้ ทีมไม่ทราบแน่ชัดว่า เปิดให้แก้ไขได้หรือไม่ เนื่องจากข้อตกลงแต่ละ รพ. ไม่เหมือนกัน
789,ห้องพยาบาล,ไม่ทราบว่าจะกดเข้าไปรับorderยังไงได้บ้าง ติดบ๊อบอัพ กดอะไรไม่ได้,แจ้งเตือนสามารถ กด Enter ได้ หากไม่พบกากบาทมุมขวาตรงแจ้งเตือน
790,ห้องพยาบาล,คือให้สังเกตเอง เพราะเหมือน Ver ก่อนจะขึ้นตรงแถบว่ามีออเดอร์,หากออเดอร์ มีพียงออเดอร์labจะไม่แสดงแฟ้มสีน้ำเงิน จะแสดงเพียง lab
791,ห้องพยาบาล,สอนการใช้งานเอกสารกายภาพ,15 นาที
792,ห้องพยาบาล,บรายการวันที่ 19 เวลา 8.52.53 น.,แก้ไขเรียบร้อย
793,ห้องพยาบาล,มันไม่โอนมาจากopd lab,หากเป็นรายการที่สั่งจากopd จะอยู่ที่หน้าการทำงานนี้นะ
794,ห้องพยาบาล,แก้ไขเคสนี้ให้ เวลาที่เคยรันไว้ กลายเปน 0.00 เคสนี้,แก้ไขเรียบร้อย แก้ไขบริหารเวลาให้ยาหน้า Current Profile
795,ห้องพยาบาล,ดูให้ ชื่อไม่เด้งไปที่ห้องlab คนไข้รอเจาะเลือด,รายการเข้าระบบไปแล้วนะ
796,ห้องพยาบาล,ิ admit ไม่ได้,หน้าล๊อคอินเป็นเวอร์ชั่นนี้
797,ห้องพยาบาล,ติดปัญหาการใช้งาน,ติดสาย 15 นาที
798,ห้องพยาบาล,รายการยาขึ้นซ้ำกัน,จาการตรวจสอบทีมพบใบสั่งยาของวันนี้ที่เป็นใบ add chart มารายการต้องแสดงเป็นวันที่ 21 ซึ่งจะต้องเป็นวันที่ 22 เลยทำให้รายการยาขึ้นแสดงซ้ำกันในใบ Mar
799,ห้องพยาบาล,เคสนี้ไม่ได้กดสั่งoff ยาแต่ถึงขึ้นยา Off โดยอัติโนมัติ สามารถแก้ไข,ออเดอร์เป็นยาวันเดย์ จะสามารถบริหารได้เพียง 24 ชม. ของยานั้นๆ ยาสั่งวันที่ 21 ต้องถูกoffวันที่ 22
800,ห้องพยาบาล,ตรวจสอบรายการยา ไม่แน่ใจว่าเกิดจากการรันยาผิด หรือว่ายังไม่มีการ add chart,ยังไม่มีการ add chart วันที่ 21 เพื่อให้ยามาแสดงวันที่ 22
801,ห้องพยาบาล,หน้าเวชระเบียน จำนวนข้อไม่ครบ รอการแก้ไขจาก neohos,**ส่วนนี้ผู้ป่วยมีเอกสารที่ใช้ทุกหมวด ยังไม่มีจัดเอกสารมาที่กลุ่ม 11
802,ห้องพยาบาล,2.High Alert Drug งานไอทีวร้างฟอร์มผูกกับยาเสร็จแล้วตามเภสัช,*มีการแจ้งเตือน เมื่อเพิ่มรายการยาที่ตั้งแล้ว
803,ห้องพยาบาล,ขอadmin กรณีข้อมูลค่าบริการฯพยาบาลทั่วไปในหน้าmedication profile กับรายการในใบแสดงรายการค่าใช้จ่ายไม่ตรงกัน คนไข้an 680001150 ในใบแสดงค่าใช้จ่ายขึ้นจำนวน6ครั้งในหน้าfinance sheet จำนวน2ครั้ว,เบื้องต้นหากมีการคีย์ที่นีโอแล้วรายการไม่ขึ้น แจ้งทีม admin เพื่อทำการตรวจสอบให้ก่อน เพราะถ้ามีการคีย์ทั้ง 2 ระบบจะทำให้ค่าใช้จ่ายขึ้นซ้ำซ้อนกัน
804,ห้องพยาบาล,เรื่องการยกเลิก admit,ให้คำแนะนำ
805,ห้องพยาบาล,ถ้าตรงการให้ยาวันเว้นวัน ต้องบริหารยายังไง,ตัวอย่างออเดอร์ยาวันที่ 22 จ่ายยาวันที่ 22 ไม่จ่ายยาวันที่ 23 วันนี้ addchart จะเป็นวันที่ 24
806,ห้องพยาบาล,หมอทำ Med reconcile แล้วไม่ขึ้น,ไม่่รันผ่าน google
807,ห้องพยาบาล,รันยาแล้ว แต่ในใบ MAR v.2 ไม่ขึ้นที่รันมา,ส่งคู่มือการใช้งานเบื้องต้น
808,ห้องพยาบาล,AN680001268 หน้าที่ไม่ได้บันทึก ค่าบริการทั่วไปทางการแพทย์IPD แต่มีข้อมูลค่าใช้จ่ายขึ้นมา,ให้ทางitตรวจสอบอีกครั้ง
809,ห้องพยาบาล,ขอเพิ่มต่อจากเมื่อวาน วันนี้ลองตรวจสอบข้อมูลคนไข้กำลังadmit มีค่าบริการพยาบาลทั่วไปipd ขึ้นจำนวน แต่ไม่มีราคาซึ่งทางหน้าที่ยังไม่ได้บันทึกข้อมูล an 680001287,ให้ทางitตรวจสอบอีกครั้ง
810,ห้องพยาบาล,เคสนี้ลองยกเลิก HosXP แล้ว ไม่สามารถยกเลิก Admit ได้ ตรวจสอบให้อีกครั้ง,ในส่วนของ hos แจ้งมทางไอทีรพ.ตรวจสอบส่วนนี้ให้นะ
811,ห้องพยาบาล,ระบบยาถ้าบริหารยาตรงนี้ ต้องบริหารทุกวันหรือ,ส่งคู่มือการใช้งานเบื้องต้น
812,ห้องพยาบาล,"ทางห้องยาจะสามารถรู้ ว่าใบสั่งยาที่เปิดดู ใบนั้นทำไปแล้วหรือยัง 
สามารถดูได้จากตรงของใบสั่งหรอ",หากมีกุญแจล็อกส่วนนี้คือห้องยา screen ใบออเดอร์ไปแล้ว
813,ห้องพยาบาล,ชื่อผู้ป่วยขึ้นสีแดง หมายถึงอะไร,ผู้ป่วยมีอุณหภูมิสูงซึ่งมีการลงจากหน้า V/s
814,ห้องพยาบาล,ใบ Mar ใหม่ ยา prn ไม่รันต่อหรือ ครั้งต่อไปจะให้ยาที่,เรียนแจ้ง ใบมาร์เวอรใหม่ใช้สำหรับเคสใหม่ เริ่มใช้ตั้งแต่ใบออเดอร์ใบแรก/ถ้าเป็นเคสที่ใช้ใบ mar เวอร์เก่า ต้องใช้เวอร์เดิมจนกว่าจะ d/c
815,ห้องพยาบาล,ถ้าเราจะย้อนไม่แก้ไขรายการยาในใบสั่งยาที่ medication profile/แต่ order นั้นถูก lock ไปแล้ว แก่ไขไม่ได้/จะต้องปลด lock หรือแก้ไข,รายการยาดังกล่าวมีการสกรีนยาจากห้องยาแล้วต้องติดต่อกับห้องยา
816,ห้องพยาบาล,"ดช. ดญ. ในระบบ เป็น ดร.ช ,ดร.ญ",ติดแปลภาษาอยู่
817,ห้องพยาบาล,ฟอร์มนี้ของพยาบาล ขอบันทึกวันสิ้นสุดได้ทุก user,ส่วนนี้แก้ไขไม่ได้ ใช่ เนื่องจากหากมีการแก้ไขวันที่ปุ่มนี้จะให้บันทึก
818,ห้องพยาบาล,ต้องแก้ไขอย่างไรดี? ไม่ให้เกิดเหตุการณ์ แบบนี้เกิดขึ้นอีก,ส่งวิดีโอแนะนำ
819,ห้องพยาบาล,ส่งวิดีโอมา ยาไม่ไปทีห้องยา,พยาบาลยังไม่ได้รับออเดอร์ยา เลยทำให้รายการยาไม่ไปที่ห้องยา
820,ห้องพยาบาล,..กรณี พ.สั่งorderการให้เลือดแล้วยังไม่ได้ให้แต่คนไข้ถูกReferก่อน จะต้องทำการoffหรือเข้าไปบันทึกตามรายการที่สั่งแล้วยังไม่ได้ทำบ้างคร๊ะ,"ถ้าหากเป็นเคสที่ยังไม่จำหน่าย แนะนำเป็นการเขียน ออเดอร์เพิ่มเติมมาเลย ตัวอย่างหน้าห้องแพทย์ และพยาบาล
หากเป็นเคสที่จำหน่าย จะมีตั้งค่าส่วนนี้ หาก รพ.มีเปิดใช้งานจะสามารถเพิ่มได้ที่ หนเ้าใบสรุป"
821,ห้องพยาบาล,พบปัญหาค่าใช้จ่าไม่ขึ้น ค่าห้องในโปรแกรมลงไปแล้ว ใบหน้างบในNeo ปริ้นได้ แต่ใน Hos ปริ้นแล้วขึ้นว่าเราไม่ได้ลงค่าใช้จ่าย แต่รายการใน Hos เช็คแล้วก่มีลงแล้ว,หากเป็นที่ระบบเดิมของรพ.แจ้งทางไอทีรพ.ตรวจสอบ
822,ห้องพยาบาล,ขอแบบฟอรมเอกสารทางการพยาบาล 227 ถ้ายังไม่จำหน่ายขอลงแบบฟอรมไว้ก่อน,สามารถลงข้อมูลได้ แต่ฟอร์มที่กดบันทึกไปแล้ว ข้อมูลตรงส่วนนี้ในกรอบแดงจะต้องมาลงข้อมูลและกดบันทึกแก้ไขเอง
823,ห้องพยาบาล,เพิ่มเตียงแทรก 19 ให้ตึกหญิง,ให้กน้าที่แจ้งไอที
824,ห้องพยาบาล,ชื่อผู้ป่วยเป็นสีแดงคืออะไร คนไข้ยังแอดมิดอยู่ ไข้ T38.1 c ตอน 22.00น. 31/12/67 หลังจากนั้น ไม่มีไข้อีกเลย,"คนไข้ยัง admit อยู่ตัวหนังสือสีแดง หน้า Nurses Station 
ประวัติล่าสุดv/s 38 หากผู้ป่วย temp 38 ขึ้นไปรายชื่อผู้ป่วยจะเป็นสีแดง"
825,ห้องพยาบาล,Risperidone กับ depakin ไม่แสดงในใบยากิน,บกวนคุณอ๊อฟตรวจสอบเพิ่มเติมทีนะ
826,ห้องพยาบาล,พอดีแนบเปนไฟล์ pdf ตอนแรกแนบ มีข้อมูลที่แก้เลยลบออก พอจะแนบอีกทีไม่,แนบเอกสารให้นะเนื่องจากเป็นมีการรวมหลายภาพในไฟล์เดียวทำให้ขนามเกิน
827,ห้องพยาบาล,ขอ คำสั่งแพทย์ให้เจาะlabพรุ่งนี้ต้องรับยืนยันคำสั่งวันนี้หรือรับยืนยันวันพรุ่งนี้พร้อมเจาะเลือด,Labล่วงหน้าสามารถรับออเดอร์เลยนะ
828,ห้องพยาบาล,ใครอยู่เวร ปรึกษา ยา2ตัวนี้ไม่ถูกAdd chart วันนี้ไม่มียาให้เซ็นต์,ไม่ Add chart ยาตั้งแต่เมื่อวานและวันนี้
829,ห้องพยาบาล,ยา para ไม่ขึ้นให้ตั้งยา,ส่วนนี้เป็นการสั่งใช้ยาต่อ หรือสั่งให้หยุดใช้ เหมือนรายการบันทึกเพิ่มเติม หรือถ้ามีการสั่งยาตัวนี้ไว้ หากมีการ Add chart รายการยาก็จะมาแสดงตามปกติ
830,ห้องพยาบาล,เพิ่ม order paper less ทำยังไง,ค้างอยู่หน้าadmit ล่วงหน้า ผู้ป่วย admit เกิดAN นะต้องเขียนใบออเดอร์ที่ห้องทำงานแพทย์นะ
831,ห้องพยาบาล,รายการยานี้ไม่ปรางกฏในใบ mar,เจนช่วยเช็ค เบื้องต้นทีมตรวจสอบพบว่ามีการลบรายการยาออกจากหน้าใบสั่งยา
832,ห้องพยาบาล,แอดชาร์จอย่าขึ้นซ้ำกันอย่าเดิมที่อ๊อฟก็ยังขึ้นมาเหมือนเดิม,จากที่ตรวจสอบรายการยาที่แสดงยังไม่ถูกสั่ง Off และรายการยาที่ขึ้นซ้ำกันเป็นยาที่แสดงวิธีใช้ต่างกันและถูกเพิ่มมาจากระบบเดิมวันที่ 4
833,ห้องพยาบาล,ตรวจสอบ ่สั่งตรวจ cbc para meter ไม่ครบ หายไปหลายรายการ,ผลรายงานยังออกไม่ครบ
834,ห้องพยาบาล,HN 96349orderจากคำสั่งแพทย์ไม่มาในหน้าmedi ช่วยดู,รายการบันทึกเพิ่มเติมไม่แสดงหน้าmed นะ
835,ห้องพยาบาล,แจ้งยกเลิก admit,หากผู้ป่วยยังไม่เกิดเลข An สามารถยกเลิกที่ระบบเดิมเลยนะ
836,ห้องพยาบาล,พอดีวิวเเล้วรายการไม่ตรงตามที่เลือกใช้ มันติ๊ก 2 ช่อง ตามจริงต้องขึ้น หยุดใช้ ตามที่เห็นเป็นแบบนี้นะ,จากการตรวจสอบมีติ๊กไว้ทั้ง 2 ช่อง รายการในใบวิวเลยแสดงทั้ง 2 ช่อง
837,ห้องพยาบาล,ส่วน Case นี้รับออเดอร์ แต่ยังขึ้นเครื่องหมายว่ายังไม่รับ ช่วยเช็คนะ,"เคสนี้ตรวจสอบข้อมูลที่ฐานพบว่ายังไม่ถูกรับออเดอร์เพราะฟิว 
quid ยังเป็นว่าง"
838,ห้องพยาบาล,ต้องคีย์ตรง ถ้าจะให้มาขึ้นในหน้านี่ของ NEO,หน้า med คือเวชภัณฑ์ไม่ใช้ยา
839,ห้องพยาบาล,สั่งอาหารไป ฝั่งโรงครัวแจ้งว่าไม่ขึ้นในระบบ มีรูปกุญแจล็อคอยู่,หากมีกุญแจล๊อค มีผู้ใช้เปิดหน้ารายละเอียดสั่งอาหารอยู่นะ
840,ห้องพยาบาล,กรณีจะแก้ไขเวลา admitted ต้องทำ,ส่วนนี้จากหน้าทำงานของneo ยังไม่สามารถแก้ไขที่หน้าระบบนะหากมีการแก้ไขที่ระบบเดิม จะลิงค์มาแสดงปกติ
841,ห้องพยาบาล,ดึงผลlabที่ตรวจที่opdมา ผู้ป่วยadmit HN180670,สามารถโอนข้อมูลส่วนนี้มาที่ IPD
842,ห้องพยาบาล,ในส่วนของ PE /Admission note สามารถเพิ่มรายละเอียดการตรวจร่างกาย โดยไม่จำกัด,หากเป็นส่วนนี้ จะไม่สามารถปรับนะ เนื่องจากกระดาษจะแสดงงผลเพียงเท่านี้หากมีข้อความมากกว่านี้ตัวอักษรจะเล็กลงจะไม่สามารถอ่านเลย
843,ห้องพยาบาล,ดูorder แพทย์orderมาแต่ที่ตึกไม่เห็นorder,แนะนำเรียบร้อย
844,ห้องพยาบาล,ถ้าเจาะlabก่อนวันadmit พบว่าผลlabไม่linkมา สามารถทำ,แก้ไขเรียบร้อย
845,ห้องพยาบาล,ตรวจเคสนี้ พอดีรับ order เสร็จ พอมาหน้า รันยา มันไม่ขึ้นรายการยา,เคสนนี้ทีมตรวจสอบเพียงการรับออเดอร์ยาเข้าาหรือไม่ จึงว่ามีกดด้านหน้าไปหรือยัง
846,ห้องพยาบาล,รันยาไม่ขึ้นว,ใบออเดอร์ ใบแรกไม่ บริหารเอาไว้นะ ทำให้ใบต่อๆไปไม่ถูกรันเวลา แก้ไขเรียบร้อยนะ
847,ห้องพยาบาล,พิ่มปุ่มออฟ ในอาหาร จะมีการปรับเปลี่ยน,รายการบันทึกเพิ่มเติมไม่มีปุ่มoffนะ โดยปกติหากสั่งผ่าน เมนูอาหาร จะมีปุ่ม off นะ ในส่วนของรายการบันทึกเพิ่มเติม จะไม่สามารถเพิ่มปุ่มหากเป็นการสั่งรายการบันทึกเพิ่มเติม แนะนำเป็นการตอบกลับนะ
848,ห้องพยาบาล,วิธีโหลดรูปจากระบบ ต้องทำอย่างไร,คลิกขวาที่ภาพ
849,ห้องพยาบาล,ดูระบบออกใบรับรองแพทย์พอลงข้อมูลเสร็จเวลาสั่งปริ้นเป็นกระดาษเปล่าออกมา AN 680001140 กับ AN 680001133,เป็นกับคอม เปลี่ยนเครื่องใหม่ปริ้น
850,ห้องพยาบาล,"เราสามารถโยกข้อมูลมามาอีกAN 
เช่นนายA AN01 admit วันที่14-20 ต้องการโยกข้อมูลวันที่ 18-20 มาAN 02",ขอข้อมูล ที่ต้องการให้อยู่ที่ AN เดิม และข้อมูลที่ต้องการให้อยู่AN ใหม่ และช่วงเวลาที่ต้องการเปลี่ยนไปANใหม่
851,ห้องพยาบาล,ผป.H.N.70890 นางสรรทยา บุญเรือง โอนใช้จ่ายเข้าไปไม่ ต้องทำอย่างไร โอนไม่เข้า,สามารถโอนย้อนหลังจากระบบเดิมมาที่ IPD
852,ห้องพยาบาล,อยากถามว่าจะตรวจสอบใช้จ่ายผู้ป่วยนอกอย่างไร..ว่าโอนใช้จ่ายเป็นผู้ป่วยนอกเข้าผู้ป่วยในเเล้ว ในเคสนี้,คสนี้ตรวจสอบไม่มีรายการที่โอนมาจาก opd แนะนำโอนย้อนหลังมาที่ IPD
853,ห้องพยาบาล,Case นี้ พอคลิกเข้าไปรับ order จะเด้งหน้านี้ขึ้นมา ทำให้กดรับ order ไม่,กด Enterปิดเลย
854,ห้องพยาบาล,ดูออร์เดอร์ยา warfarin1mgให้กิน จันทร์-ศุกร์ ไปเลือกติ๊กวัน ไม่มียาในใบmarวันที่27,หากตั้งตามภาพกดadd chat ยาวันนี้รายการจะมาเวลาให้ยาจะเป็น27นะ
855,ห้องพยาบาล,ไม่แสดง ออเดอร์ให้ พยาบาล รับยา,เข้าตรวจสอบ พบว่า มี USER กดรับ แยกรายการ คนละคนกัน จึงทำให้เกิดความสันสนของ USER อธิบาย กับ ลูกค้า
856,ห้องพยาบาล,Order หายไป กำลังจะรับadmit order หายไป,ไม่กดนำเข้าข้อมูลล่วงหน้า
857,ห้องพยาบาล,ไม่สามารถบันทึกฟอร์มการผ่าตัด,ยังไม่ลงข้อมูลแผ่าตัด
858,ห้องพยาบาล,ทีม​ neo​ ​ วันนี้ทดสอบระบบ​ หน้าเว็บหมุนติ้วๆ​ เลย​ ใครช่วยตรวจสอบ,หมุนที่หน้าการทำงานส่วน ต้องรีโมทสอนลูกค้า 3 ชม.
859,ห้องพยาบาล,เคสD/Cการดึงเวลาผ่าตัดมากรอกที่หน้า Discharge Summaryต้องกรอกตรง,แนะนำการใช้งานใหม่
860,ห้องพยาบาล,"ดูเคสนี้ คนไข้ d/c กดดูแฟ้มเวชระเบียน ไม่มี progress note,nurse note,",จากการตรวจสอบเคสนี้ไม่มีรายการออเดอร์จากระบบ
861,ห้องพยาบาล,อาจารย์ดู order วันนี้ รับแล้วไปยุวันที่ 31,คลิกเลือกรายการแล้วกดนำออกก่อนทั้งสองรายการ แล้วกดบันทึกใบสั่งยา
862,ห้องพยาบาล,อยากจะลงเวลาให้น้ำเกลือใหม่ แก้ไข,สามารถบริหารเวลาที่หน้า Med ได้
863,ห้องพยาบาล,จาก ER แพทย์ คีย์ order ผิดปีแก้ไข,สามารถลบแล้วแก้ไขได้เลย
864,ห้องพยาบาล,เคสนี้ pop up แพ้ยา ใหญ่ เลื่อนกดปิดไม่ได้,กด Enter
865,ห้องพยาบาล,ปกติ ทางวอร์ด จะขอ consult ผ่าน neo. ถ้ามี จะ มีแจ้งเตือน /ดูข้อมูล อันเดิมได้ แต่ตอนนี้ ไม่มีข้อมูลเลย,โดยปกติ จะสามารถอ่านตอบกลับ consult ได้จะต้องเป็น log in ของหน้าที่ ที่ส่ง consult ไป จะต้องเลือกวันที่
866,ห้องพยาบาล,ปริ้นใบหน้างบไม่ได้,บันทึกแล้วใช่
867,ห้องพยาบาล,ลบ Order นี้ พอดี Order ซ้ำ,แก้ไขเรียบร้อย
868,ห้องพยาบาล,สงฆ์ 3 เบิกข้าวในระบบตั้งแต่เมื่อคืน ข้าวไม่ขึ้นมา 2 เวลาแล้ว 680011419,ออเดอร์ตอนสั่ง ต้องเลือกทุกมื้อ ทุกวัน เลือกทุกมื้อ แต่ไม่เลือกวัน ออเดอร์อาหารเลยไม่ขึ้นที่โภชนาการ
869,ห้องพยาบาล,ดูใบMAR เคสนี้ ปริ้นไม่ได้,จากการตรวจสอบเคสนี้ไม่รายการสั่งยาในระบบนีโอ
870,ห้องพยาบาล,Admin แก้ไขเคสติด C วันและเวลา Admit ไม่ตรงกันกับ Hos -xp เวลา Admitจริง 27/3/2568 22.28 น. - จำหน่าย 28/03/2568 เวลา 03.00 น. เคสนี้ได้มีการแก้ไขเวลาจำหน่ายที่ตึกเช้านี้ เนื่องจาก เวลาเดิม ทับซ้อนกับเวลาที่ Admit ที่สปส. เนื่องจากเป็นเคสปกส. จะดำเนินการส่งเอกสาร เพื่ออุทธรณ์ เบิกค่าชดเชย,สามารถเลือกประวัติที่ต้องการแก้ไข แก้ไขได้ที่หน้าการทำงานนี้เอกสารนี้ ถูกบันทึกก่อนการแก้ไข เวลา admit
871,ห้องพยาบาล,กดบันทึกใบสั่งยาไม่ได้,รายการยาโอนมาจาก opd จะไม่สามารถบันทึก
872,ห้องพยาบาล,ชาร์ทนี้ไม่มี history,ยังไม่ได้บันทึก
873,ห้องพยาบาล,พยาบาลกดสั่งใช่หรือต่องหมอสั่งอยากเดียว,กดสั่งใช้ได้รายการจะแสดงที่ใบมา
874,ห้องพยาบาล,ตอนนร้เวลาเราจะเขียน note ขอสหวิชาชีพใน progress note ช่วงแรกๆที่เริ่มระบบ สามารถลงชื่อ/ยืนยันคำสั่งเป็นของตัวเองได้เลย แต่ปัจจุบัน จะยืนยันorderได้จะกลายเป็นรคส.ของแพทย์แทน อยากให้ลงชื่อ/ยืนยันเป็นของคนที่เขียรnoteเลย,ลงข้อมูลแล้วแสดง ปุ่ม นี้
875,ห้องพยาบาล,เคสที่ส่ง โปรแกรมเมอรเรื่องไม่มี dc summary แอดมิน ติดตามที,ยังไม่มีการบันทึก
876,ห้องพยาบาล,ยา one day ขึ้นวันถัดไป,บริหารยาผิด
877,ห้องพยาบาล,add chart ยา รันยาแปลก,บริหารยาผิด
878,ห้องพยาบาล,ใบ Mar V.2 เอาตรงนี้ออก ที่ติกมาให้เลยทุกเคส ให้เป็นไม่ต้องติ๊ก,จากการกับทางทีมพัฒนาระบบรายการยาส่วนใหญ่ที่ใช้จะเป็นยากิน ระบบเลยต้อง Defult ให้แสดงเป็นยากินไว้
879,ห้องพยาบาล,กรณี สั่งยาผิด เป็น continouse แล้วจะเปลี่ยนเป็นยา กลับบ้าน ฝั่่ง one day ได้หรือเปล่า,หากยังไม่รับออเดอร์จะสามารถแก้ไขออเดอร์ได้
880,ห้องพยาบาล,นำแบบฟอร์ม ใบแสดงค่าใช้จ่ายนี้ออก,เอกสารนี้บันทึกไปที่แฟ้มอัตโนมัติ หากมีข้อมูลส่วนนี้
881,ห้องพยาบาล,เมนู สรุป chart *beta สามารถใช้งานจริงได้เลยใช่ใหม,ส่วนนี้ยังไม่สามารถเปิดใช้งานได้
882,ห้องพยาบาล,วันนี้เข้าไปดู ประวัติคนไข้ admit ไม่พบข้อมูล,รบกวนปุ่ม Ctrl+F5 Refresh Chrome หรือ เคลียร์แคชอีกครั้งค่ะ
883,ห้องพยาบาล,"เรียนปรึกษา
ใบ mar* ..... มีการสั่งใช้ยา vit B complex 3 เวลา .... แต่ในใบ mar* มีช่องให้บริหารยา ช่องเดียว",ส่งคู่มือ
884,ห้องพยาบาล,ช่วยเปลี่ยนเป็นวันที่ 15/6/68,ออเดอร์ LAB เขียนมาวันที่ 16/6
885,ห้องพยาบาล,นามสกุล ในคอม กับ Ipad ไม่ตรงกัน,ipad สามารถเปลี่ยนภาษาเป็นภาษาอังกฤษ
886,ห้องพยาบาล,พอดีคนไข้เซ็นชื่อไม่ได้ ต้องพิมพ์ลายนิ้วมือ แต่ใช้งานยังไม่ได้ ต้องทำยังไง,หากต้องการแสกนลายนิ้วมือจะต้องมีเครื่องแสกวนลายนิ้วมือ หากเลือกสแกนลายนิ้วมือติดตั้งส่วนนี้ก่อน หากไม่ได้จำเป็นต้องติดตั้งไดร์เวอร์เครื่องสแกน
887,ห้องพยาบาล,ลงข้อมูล temp ต่ำกว่า 38 ที่ DTX แล้ว ยังไม่หายไป,แก้ไขเรียบร้อย จะต้องติ๊กเลือก บันทึก V/S ที่ใบลงข้อมูล RECORD V/S หากคั้งแรกติ๊ก ครั้งถัดไปจะต้องติ๊ก
888,ห้องพยาบาล,เคสของ xray อันนี้กำลังตรวจสอบใช่,ในส่วนของ xray ทีมพบข้อมูลในวันที่ 17 ซึ่งตรงกับข้อมูลในฐานของรพ.
889,ห้องพยาบาล,Case.​นี้ขึ้นหน้าเดียว​ เปิดดูหน้าอื่นไม่ได้เลย,ขึ้นปกติ
890,ห้องพยาบาล,เรื่องการออเดอร์แล็บล่วงหน้า พอดีจะสั่ง Lab 15.00 น. เมื่อวานยังใช้ได้ปกติ แต่ของวันนี้ pop up มาแบบนี้,การสั่ง Lab ล่วงหน้า จะต้องเป็นการสั่งล่วงหน้า 1 วัน ถ้าเป็นการสั่งภายในวันจะไม่สามารถสั่งเป็นรายการล่วงหน้าได้
891,ห้องพยาบาล,AN: 680007518 ชื่อ-นามสกุล: นาย มนัส ไชยเป็ง ตรวจสอบค่าใช้จ่ายเคสนี้ ตอนนี้อัพเดทใหม่ มีการปัดเศษ ทศนิยมเป็นจำนวนเต็มหมดเลยหรอ เจอหลายเคส เคสนี้ เพิ่มมา 1.50 มีเคสที่.50 ปัดเป็น 1 HN 5404486 ทศพล ร่วมมิตร เคสนี้ค่าใช้จ่ายมีการปัดเศษทศนิยมเหมือนกัน ค่าใช้จ่ายไม่ตรงกัน,ทีมไม่ทราบว่าหลัวงจากที่ปริ้นใบค่าใช้จ่ายไปแล้ว มีการคีย์เพิ่มเติมค่าใช้จ่ายอีกหรือป่าว ทีมจะสามารถตรวจเช็คข้อมูลได้แค่ในส่วนนี้
892,ห้องพยาบาล,พอดีเข้าโปรแกรม แล้วแถบใช้งานด้านคลิ๊กไม่ได้,คลิกที่รายชื่อคนไข้ 1 ครั้ง
893,ห้องพยาบาล,ช่วยตรวจสอบ AN 680001369 หมายเลข HN 73946 ไม่สามารถ ดู ใบMAR,ไม่มีรายการยา ใบmar.ไม่แสดง
894,ห้องพยาบาล,ช่วยตรวจสอบ AN 68000907 หมายเลข HN 158046 ไม่สามารถ ดู ใบMAR ะ🙏,ไม่มีรายการยา ใบmar.ไม่แสดง
895,ห้องพยาบาล,HN 242015 ขอแก้เวลาให้ยาเป็น 12.00 น.,สามารถให้เจ้าหน้าที่ ลบแก้ไขเวลาได้เลย
896,ห้องพยาบาล,น้องผู้ดูแลระบบNeo ใส่ลายเซ็นต์ให้คุณหมอ จะได้ง่ายในการทำงาน,สามารถแจ้งไอทีรพ.นำเข้าลายเซ็นได้ที่ผู้ดูระบบ
897,ห้องพยาบาล,กดรับ order ไม่ได้ วันนี้ 2-3 ครั้งแล้ว,แนะนำให้อัพเดท Chrome ให้เป็นเวอร์ล่าสุด
898,ห้องพยาบาล,ตรวจสอบ เวลายาของ Vitamin K เตียงนี้ พอดี key run รอบเวลายาไว้ให้เป็น 18.00 น. แต่ยังมีเด้งซ้ำ เป็นเเที่ยงคืนมาซ้ำอยู่,มีรายการ add chart ยาตัวนี้
899,ห้องพยาบาล,หมอ oder แล้ว แต่ไม่มียาในใบยา,รับเข้าใบสั่งยาเดิม
900,ห้องพยาบาล,ของเตียงนี้ก็รันเวลาแล้วไม่ขึ้นให้เซ็น,ตัวยานี้ยังไม่รันเวลา
901,ห้องพยาบาล,ถ้าเเพทย์สั่ง lab จาก ER แล้วสั่ง Off lab ทำยังไง,รายการ lab ยังไมี off รับออเดอร์ไปแล้วหรือยัง
902,ห้องพยาบาล,รับออเดอร์แล้วยังขึ้นค้างว่า ไม่ได้รับออเดอร์,หากยกเลิกใบออเดอร์ ต้องยกเลิกใบสั่งยา และลบรายการที่ Current Profile ก่อนรับออเดอร์ใหม่
903,ห้องพยาบาล,พอดี ทำแอดมิทแล้ว order หน้านี้ไม่ขึ้น ช่วยดูนะ,24 มียกเลิกถูกต้อง
904,ห้องพยาบาล,limit การ login ของแต่ละ user ดึงจาก hosxp หรือ เป็นของทาง neo ตรงนี้ ทาง รพ.สามารถ กำหนดเอง,ของทาง neo ใช้ได้เพียง 2 เครื่อง หากมีล๊อคอิน เครื่องที่ 3 จะมี1 ใน 3 เครื่อง ล๊อคเอ้าท์ออก ส่วนนี้ยังไม่สามารถกำหนดได้ มีเพียง การจำกัดเวลาที่กำหนดได้
905,ห้องพยาบาล,อ.จาก ER อาจารย์เช็คคนไข้ชื่อนี้ เนื่องจาก เคยยกเลิกแอดมิด 1 ครั้งเพราะจะส่งต่อ แต่ตอนนี้ไม่ได้ส่งต่อแล้วจะทำแอดมิดรอบ 2 แพทย์ไม่สามรถส่งคำสั่งได้,ผู้ป่วย เกิด AN แล้ว ต้องเขียนในวอร์ดแล้ว
906,ห้องพยาบาล,ดูรายการยา Lorazepam 0.5 วิธีใช้ยาเหมือนกัน,มีแก้ไข วิธีใช้ยา ตั้งแต่วันที่ 16
907,ห้องพยาบาล,ดูผลได้แค่ตรงแฟ้มเวชระเบียน,เป็นรายการ Lab จาก OPD จะไม่แสดงสัญลักษณ์หน้า nurses station
908,ห้องพยาบาล,"1)กรณีคนไข้จำหน่ายออกจากรพ.แล้ว
แพทย์สามารถOrderย้อนหลัง
2)แล้วเวลาเซนรับออเดอร์ เวลาจะขึ้นเป็นวันที่หมอออเดอร์หรือเป็นปัจจุบัน","สามารถออเดอร์ย้อนหลังได้ หากเปิดใช้ฟังก์ชั่น อนุญาตให้แก้ไขผู้ป่วยจำหน่ายแล้ว
เวลา วันที่ สามารถแก้ไขได้ก่อนส่งใบออเดอร์ หลังจากรับแล้วสามารถแจ้งทีมแก้ไขวันที่ เวลารับออเดอร์ได้ 
เนื่องจากหน้ารับออเดอร์มีเร่งปรับแก้ไข ชื่อผู้รับออเดอร์ วันที่เวลาให้สามารถแก้ไขส่วนนี้ได้เองอยู่"
909,ห้องพยาบาล,ค่า หน้านี้ ต้องเข้าไปตั้งค่าตรง,ทางบริษัทจะเริ่มทำการอัพเดตฟังก์ชั่นในเดือน กรกฎาคม 2568
910,ห้องพยาบาล,ไม่มีรายการยาในใบ mar. ทำให้มีจะเซ็นต์ยาที่ให้ผู้แวยไป,ผู้ป่วยจำหน่ายแล้ว
911,ห้องพยาบาล,ส่วนนี้จะเพิ่มเติมแก้ไขยังไงในกรณีที่ลงไม่ครบ,โดยปกติ หากลงทะเบียนหน้าการทำงานนี้ ระบบจะบังให้ลงข้อมูลก่อน
912,ห้องพยาบาล,เข้าระบบ Neo ไม่ได้,รบกวนปุ่ม Ctrl+F5 Refresh Chrome หรือ เคลียร์แคชอีกครั้งค่ะ
913,ห้องพยาบาล,Nurse note สามารถดึง Nurse note เดิมกลับมา พอดีไปกดบันทึกซ้ำอันเดิม :((,หากบันทึกทับแล้ว ไม่สามารถนำกลับมาได้
914,ห้องพยาบาล,คลิกตั้ง dose ว่า stat ก่อน แล้วนะ Mar* --->time,หากกด stat ที่หน้า Mar รายการ stat จะไม่ไปที่ห้องยา ใบสั่งยาจะไม่เป็นสีแดง ทีมแนะนำให้กดที่ใบสั่งยาส่วนนี้เป็นส่วนของพยาบาล กรณีแพทย์ลืมกด stat
915,ห้องพยาบาล,Add chart ไม่ได้,เนื่องจากรายการเป็นยา one day จะไม่สามารถ add chart ได้
916,ห้องพยาบาล,เรื่องการลงข้อมูลเอกสารพยาบาลแบบที่ 174,แก้ไขเรียบร้อย
917,ห้องพยาบาล,เคสนี้ คีย์จำหน้ายเเต่ไม่ขึ้นหน้าเเบบนี้ไม่ขึ้นหน้าเเบบนี้ในเเฟ้มเวชระเบียน,ยังไม่มีการลงใบdischarge summaryแพทย์จะใช้เมื่อมีการเข้าไปสรุปชาร์ท
918,ห้องพยาบาล,ช่วยเปลี่ยนวันที่ของorder นี้ เป็นวันที่ 30/6/2568 เวลา 13.00,จะไม่สามารถแก้ไขวันที่ได้ เนื่องจากหากแก้ไขวันที่ ออเดอร์ xray ที่สั่งล่วงหน้าไว้จะหาย
919,ห้องพยาบาล,ผมสามารถexportเกณฑ์การแยกประเภทในระบบ ออกมาดู,ใบวิว ของเอกสาร 103 จะมี ข้อมูลส่วนนี้
920,ห้องพยาบาล,ขอยกเลิกรับorderให้น่อย พอดีรับผิดวัน,สามารถเลือกรายการแล้วกดนำออก เมื่อนำออกครบทั้งสามรายการกดบันทึกใบสั่งยาเลยนะ
921,ห้องพยาบาล,"1. ถ้าแพทย์ เซนแล้วส่วน approve ใช่ เคสนี้มีลายเซน แต่ไม่ขึ้นสถานะ เพราะ.. 2. บางเอกสารที่มีการบันทึกแต่ไม่ขึ้นในระบบตอน revive ชาท ทั้งหมด เพราะว่าเรายังไม add เอกสาร ?? เช่ นเอกสารทางการพยาบาลเลขที่35 , ใบ summary """,เคสนี้มีลายเซน แต่ไม่ขึ้นสถานะ เพราะ. ยังไม่บันทึกใบสรุปการรักษานะเอกสารทางการพยาบาลเลขที่35 ยังไม่มีการบันทึกนะ
922,ห้องพยาบาล,าก NICU ลองลงจำหน่ายในฟอรมที่ 35 ปริ้นแล้ววันที่จำหน่ายไม่ขึ้น แล้ววิธีแก้หากจำหน่ายแล้ว จะสามารถแก้ข้อมูลใบจำหน่ายช่องทาง🙏,ต้องedit เท่านั้นนะ วันที่ จำหน่ายจะดึงมาแสดงอัตโนมัตินะ
923,ห้องพยาบาล,สั่งเวชภัณฑ์แล้วแต่จำนวนไม่ขึ้นในหน้า order ลักษณะนี้ปกติ,ส่วนนี้ไม่แสดงจำนวนนะ
924,ห้องพยาบาล,รับ order ไปแล้ว แต่มันยังค้างอยู่,เนื่องจากรายการยาที่ลบ คู่กับใบออเดอร์ รายการจึงยังค้างนะ
925,ห้องพยาบาล,มีการรับ order แล้ว ไม่มีผู้รับ order ขึ้น,เป็บใบล่วงหน้า ของใบออเดอร์นี้นะ จะไม่แสดงชื่อผู้รับแต่จะแสดง ใบที่เป็นล่วงหน้า
926,ห้องพยาบาล,ใบMar ของคนไข้ไม่แสดงช่วยเช็ค,เป็นรายการโอนมาส่วนนี้จะโอนเพียงใช้จ่ายนะ
927,ห้องพยาบาล,ในระบบห้องยา​ new​ order​สามารถแยก​แจ้งเตือนคำสั่ง​ยาแอดมิทใหม่กับยาเบิกทั่วไป​ สับสนตอนจะกดรับยา,ณ ปัจจุบันจะมีเพียง แยกการสั่งจากใบออเดอร์ ที่เป็นสีน้ำเงินนะ
928,ห้องพยาบาล,"- รายการงานซ้ำขอลบออก1อัน
- ถ้ากรณี อยากลบแ orderเดียวละ",กรณียังไม่กดรับออเดอร์ สามารถกดยกเลิกคำสั่งแพทย์เลยนะ
929,ห้องพยาบาล,ขอ พอดีคุณหมอสั่งออเดอร์เข้ามา แต่ไม่มีตัวรูปแฟ้มขึ้นมาให้พยาบาลกดเพื่อเข้าไปรับออร์เดอร์,เป็นสัญลักษณ์ของ Lab ล่วงหน้านะ จะไม่แสดงแฟ้มให้
930,ห้องพยาบาล,ถ้าลงข้อมูลครบแล้ว บันทึกไม่แก้ไขยังไง,ออก AN ที่ระบบเดิมแล้วใช่ ถ้าผู้ป่วยมี AN แล้วจะไม่สามารถบันทึกข้อมูลหน้านี้
931,ห้องพยาบาล,Off ยา metformin,สามารถกด Off ที่ปุ่ม off เลยนะ
932,ห้องพยาบาล,มันคืออะไร,รีเฟรช และทดสอบอีกครั้งนะ
933,ห้องพยาบาล,รันยา Dexa dose สุดท้ายเป็น 06.00 ของวันที่ 07/3/68 แต่พอดูใน Mar ไม่ขึ้นให้เซ็นต์ชื่อ,แก้ไขเรียบร้อย
934,ห้องพยาบาล,นัดจาก ipd รายการย่อยไม่ครบ,เป็นการคีย์สั่งจาก opd
935,ห้องพยาบาล,ในกรณีที่ add chart รายการยาของวันที่ 7 มันเปลี่ยนเป็นวันที่ 8 order เดิมของวันที่7หายไป ในกรณีที่เวรดึก เค้าadd chart ไปแล้ว แล้วเวลาที่เรารันในการให้ยามันขยับเป็นอีกวันต้องแก้ไขยังไงเดิมมันจะต้องเริ่มที่วันที่7 จบที่เช้าวันที่ 8,ส่งคู่มือวิธีการบริหารเวลาให้ยาผู้ป่วย
936,ห้องพยาบาล,แบบยินยอมรับโลหิต แบบ55 บันทึกไม่,ส่งโปรแกรมเมอร์แแก้ไข Consent - Other Consent ฟอร์ม 55
937,ห้องพยาบาล,เพิ่ม เรื่อง เวชภัณฑ์ไม่ใช่ยาของห้องยาที่กดจ่าย แล้วยาจะถูกดึงจ่ายไป ยังไม่แก้ใช่,ขอรายงานสรุป
938,ห้องพยาบาล,จะบันทึกลงทะเบียนผู้ป่ายใน ขึ้นแบบนี้,เคสนี้มีเลข AN แล้ว ไม่สามารถลงทะเบียนซ้ำอีก
939,ห้องพยาบาล,พอดีรหัสโรค H546 คำอธิบายไม่ถูก,เป็นฐานข้อมูลของโรงพยาบาล ส่วนนี้ต้องแจง IT แก้ไขชื่อ
940,ห้องพยาบาล,ในส่วนของแพทย์ช่อลลงชื่อในหน้าdiag text ต้องเซ็นต์หน้านี้ลายเซ็นต์ถึงจะไปออกตรงส่วหน้าใบสรุปการรักษา หรือสามารถเลือกจะเซ็นต์หน้าก็,สามารถเลือกเซ็นต์หน้าก็ หรือมีติดปัญหาส่วน
941,ห้องพยาบาล,หมอถามเกิดจากอะไร,มีรายการไม่ลงจำนวนไว้นะ
942,ห้องพยาบาล,อาหารสามัญธรรมดามีลดเค็ม+เบาหวาน แต่อ่อน ที่ให้เลือกลดเค็มเบาหวาน เพิ่ม,สามารถหมายเหตุเพิ่มเติมเลยนะ
943,ห้องพยาบาล,ปกติถ้าคนไข้ admit เกิน6ชม.จะคิดเพิ่มเป็นอีก1วัน โปรแกรมสามารถคำนวนให้อัตโนมัติเลย,แก้ไขเรียบร้อย
944,ห้องพยาบาล,ขอตรวจสอบ HN 000050970 เนื่องจากทำadmit ไปเแล้ว แต่ชือข้อมูลไม่ไปที่ NEO,ตรวจสอบมาแสดงปกติ
945,ห้องพยาบาล,ตอนนี้มีปัญหาว่า ก่อนเข้า OR แพทย์ order ยา แล้วหลัง post-op แพทย์สั่งยาเดิม โดยไม่ off ยา แบบนี้หมายความว่าสั่งยาซ้ำใช่,แนะนำหากมีการสั่งออเดอร์มาแล้วแต่ต้องการให้แสดงบนใบออเดอร์ ให้เขียนออเดอร์ที่รายการบันทึกเพิ่มเติม รายการยาจะไม่ซ้ำซ้อน
946,ห้องพยาบาล,สามารถรับออเดอร์แล้ว รันเวลาให้ยาย้อนหลัง เมื่อวานนี้รับออเดอร์แล้วไม่บริหารยาก็เลยไม่สามารถรันใบมาแก้ไขยังไง,รันที่หน้า Current Profile เลย
947,ห้องพยาบาล,แลปตัวที่แพทย์สั่งซ้ำ แต่เขียนหมายเหตุไปแล้วว่าเจาะแล้ว ยังขึ้นาใช้จ่าย 2 รอบ สามารถแก้ไขตรง,หากมีการรับออเดอร์ไปแล้ว าใช้จ่ายจะถูกนำไปคิดอัตโนมัตินะ สามารถลบรายการออก
948,ห้องพยาบาล,ยาไม่ขึ้นในรายการยานอก รพ,แนะนำให้ลงข้อมูลส่วนนี้เพิ่มเติมนะ ทางทีมเพิ่มเติมนะ ออเดอร์รายการนี้ออเดอร์มาจากหน้าห้องแพทย์ปกติเลยใช่
949,ห้องพยาบาล,หาชื่อ บุญเริ่ม ไม่เจอ,แก้ไขเรียบร้อย
950,ห้องพยาบาล,ทีม neo ถ้าตัด d/c แล้ว สามารถคีย์พิมพ์ SOAP ืnote หรือพิมพ์ยาเพิ่มเข้าไปในรายการใบสั่งแพทย์อีก,ส่วนนี้ทางรพ. มีนโยบายแก้ไขใบออเดอร์หลังจากจำหน่ายแล้ว เนื่องจากของทาง neo จะมีการตั้งาแก้ไขผู้ป่วยที่จำหน่ายแล้ว
951,ห้องพยาบาล,ลบรูป ญ1,แก้ไขเรียบร้อย
952,ห้องพยาบาล,เช็ค แพทย์ไม่ order แต่มีให้รับ,ก่อนหน้า ส่งออเดอร์ อาจจะเพิ่มรายการยานี้ แต่ไม่ลบ ยาผสมออก รายการจึงยังแสดง
953,ห้องพยาบาล,"รายการหน้า medication 
กับรายละเอียดใบสั่งยาไม่ตรงกัน",ไม่ใช่ใบสั่งยาเดียวกันนะ
954,ห้องพยาบาล,มี order lab แล้วไม่ยอมเข้าห้องแลป ดู,แจ้งเซลล์ประสานงานเรื่อง LAB LIS
955,ห้องพยาบาล,ipd paperless สามารถลงว่า xrayแล้ว เพราะมีการลงซ้ำกันบ่อย,สามารถลงที่บันทึกรายการเพิ่มเติมนะ
956,ห้องพยาบาล,Sterile water (Aqua) เป็นเวชภัณฑ์ไม่ใช่ยา ย้าย,ข้อมูลส่วนนี้ แจ้งไอที รพ.เลย เนื่องจากระบบจะดึงข้อมูลมาจากฐานข้อมูล รพ.
957,ห้องพยาบาล,"ในเคสที่ห้องยาต้องคีย์ยาเพิ่มเอง แต่คีย์ในระบบ Neo
วันแรกรันเวลาไปแล้ว แต่วันที่ 2 ที่ add chart มา เวลาที่รันไว้ไม่มา เวลาจะขึ้น 00.00
ก่อนหน้านั้นช่วงปีที่แล้วตอน add chart เวลาที่รันไว้มาอยู่
ตรวจสอบนะ",รายการยานี้ไม่ถูกสั่งจากใบออเดอร์มาใช่ หากไม่ถูกสั่งมาจากใบออเดอร์ต้องบริหารที่หน้านี้เพิ่มเติมนะ
958,ห้องพยาบาล,order lock รับ order ไม่ ต้องทำไง,หากนำเม้าท์ไปชี้ ตรงรับคำสั่งแพทย์ จะขึ้นชื่อหน้าที่ ที่เข้าใช้งานอยู่นะ
959,ห้องพยาบาล,แก้ไข ใบสั่งยาคนนี้เนื่องจาก กดบันทึกใบสั่งยามากกว่า1 ครั้ง,ในส่วนของยา Stat จะแยกจากใบสั่งยาอยู่แล้ว
960,ห้องพยาบาล,ผู้ป่วยเติมเลือด PRC จะเซ็นเวลาให้เลือดในใบ MAR จะต้องทำยังไง,แนะนำเอกสารทางการพยาบาล
961,ห้องพยาบาล,อันนี้ คืออะไร,เชียนใบออเดอรฺวันที่ 31 อยู่ โดยปกติแล้วหากกด New ใหม่ไม่กดจากใบออเดอร์เดิมจะแสดงเป็น New
962,ห้องพยาบาล,ิ ยาที่แพทย์ออฟไปแล้ว และยังไม่ start ยาถึงขึ้นในใบMar,หาก addchart ก่อนแพทย์Review treatment หลังจากนั้นรายการยาจะยังแสดงนะ
963,ห้องพยาบาล,จากปัญหาเมื่อวานที่ IMC ส่งรายงานมาConsult สุขภาพจิต เมื่อวานเห็นรายงานการส่ง แต่วันนี้ รายชื่อที่ส่ง Consult มาไม่เจอแล้ว,รายการตอบกลับแล้ว หรือยัง
964,ห้องพยาบาล,เรื่องการให้ยา 48 ชั้วโมง,แก้ไขเรียบร้อย
965,ห้องพยาบาล,ถามชื่อคุณวันชัยถึงเป็นสีแดง,มีข้อมูลของใบrecord v/s Tempมากกว่าเท่ากับ38
966,ห้องพยาบาล,รับorderไม่,มีแพทย์ท่านอื่นเข้าใช้งานอยู่
967,ห้องพยาบาล,ยกเลิก order ของแพทย์ญาดา,สามารถยกเลิกเลย
968,ห้องพยาบาล,เวลาadmit แล้วเข้าหน้านี้ รายชื่อ pt ไม่มาต้องไปที่ค้นหาทุก case,คลิกเปิดตัวกรอง
969,ห้องพยาบาล,า ปกติจะเคลียร์รคส.เกือบทุกวัน แล้ววันนี้มันเด้งรคส.ของตั้งแต่ปี 67,มีแก้ไข รายการ Note
970,ห้องพยาบาล,เคสนี้ หมอ order เช้านี้ แต่ขึ้นวันที่เมื่อวาน,แพทย์เขียนบนใบออเดอร์เดิม แก้ไขเรียบร้อย
971,ห้องพยาบาล,ลำดับที่9ตัวหนังสือขึ้นสีแดง,มีลงประวัติล่าสุด v/s 38 หากผู้ป่วย temp 38 ขึ้นไปในส่วนการลงข้อมูลที่ DTX รายชื่อผู้ป่วยจะเป็นสีแดง
972,ห้องพยาบาล,สามารถเพิ่ม note เช่น ยาครบวันที่เท่าไร ใน order เดิม โดยไม่ต้อง off แล้วคีย์ order ใหม่,แนะนำ
973,ห้องพยาบาล,ถ้าต้องการให้เห็นใน order ละ เพราะเวลาเช็กยาจะสำคัญที่ order แพทย์,ตัวอย่างยาที่ตั้ง off
974,ห้องพยาบาล,อันนี้กดsetไว้เลยใช่ Nurse note,หากเป็นการ set ไว้เพื่อใช้ในครั้งถัดไป ทีมแนะนำ บันทึกที่ส่วนนี้
975,ห้องพยาบาล,กรณีขึ้นแบบนี้สามารถแก้ไขอย่างไรบ้างเป็นยากลับบ้าน+ยา stat,เข้าใจแล้ว เหมือนกับว่า ให้รับออเดอร์ ยาstat กับยา กลับบ้าน คนละครั้งกัน รับพร้อมกันไม่
976,ห้องพยาบาล,ขอ ตึกหญิง วันนี้แพทย์ order แล้วรับ order ส่งห้องยา ห้องยาจัดยาแล้ว ตึกลืม add chart หลังจากนั้น add chart ไม่,หากเป็นรายการยาที่สั่งวันนี้ไม่สามารถ addchart
977,ห้องพยาบาล,Add charge ไม่,คีย์ชื่อแพทย์ของไข้แล้วบันทึกเลย
978,ห้องพยาบาล,ขอ พอดีรันยา วันเว้นวันแล้ว ไม่ขึ้น,พรุ่งนี้กดaddยาจะมียาให้จ่าย 15/04 06:00
979,ห้องพยาบาล,เข้าไม้เตียงนี้,มีผู้ใช้อื่นเข้าใช้งานหน้าการทำงานค้างอยู่
980,ห้องพยาบาล,คนไข้คนนี้ยายังให้ต่อ,สามารถนำวันที่หยุด ออกและบันทึกแก้ไข
981,ห้องพยาบาล,รับแล้วไม่พบในใบmar Omz,แก้ไขเรียบร้อย
982,ห้องพยาบาล,ขอสอนวิธีการสั่งอาหารให้อีกครั้ง,ส่งคู่มือการใช้งานระบบ
983,ห้องพยาบาล,มีเหตุการณ์ที่นำเข้า ออร์เด้อ นาย ก ไปเข้านาย ข มัย,หากมีเคสที่ยกเลิกAN ก่อนหน้า เช่น เคส ก มีAN แล้ว เขียนใบออเดอร์เรียบร้อยแล้ว แต่ทำการยกเลิกadmitนาย ข ที่ admit มาใช้ AN เดิม ที่นาย ก ใช้ก่อนหน้าเป็นไปป
984,ห้องพยาบาล,ช่วยตรวจสอบ AN 670003738 หมายเลข HN 28170 ไม่สามารถ ดู ใบMAR,ไม่มีลงรายการยา
985,ห้องพยาบาล,ช่วยตรวจสอบAN 670002811หมายเลข HN 193408 ไม่สามารถ ดู ใบMAR,ไม่มีลงรายการยา
986,ห้องพยาบาล,ไม่มีเครื่องหมายถูกสีเขียว แบบนี้คำสั่งไป,รายการดังกล่าวจะแยกเป็นข้อที่ 1 ข้อที่ 2 เครื่องหมาย ถูก จะขึ้นแ 1 อัน/ข้อ
987,ห้องพยาบาล,แก้ไขใบฟร์อมปรอท,ลงข้อมูล AN ปี 66 ต้องการแก้ไข ข้อมูล ปี 66 ใช่
988,ห้องพยาบาล,ตรวจสอบเคสนี้ วันนี้หมอมี order off tamiflu แต่ตัวยาไม่มีให้กด off ยา ต้องทำยังไง เพราะในใบ mar ยังมียาอยู่,รายการยาถูกเพิ่มมาโดยไม่ได้เขียนออเดอร์ ทำให้ยังแสดงอยู่
989,ห้องพยาบาล,แพทย์จะเปลี่ยน/เพิ่ม ตรงpost opในใบorder แก้ไขอย่างไร,ส่วนนี้แนะนำลงเป็นใบออเดอร์ใหม่ได้เลย เนื่องจากพยาบาลรับออเดอร์แล้วจะไม่สามารถแก้ไขได้
990,ห้องพยาบาล,ใบmarยาขึ้นแ3 ตัว,วันแรกที่ออเดอร์ยา ไม่มีบริหารที่ช่องจ่ายยาวันแรกโดยปกจะต้องลงจ่ายวันแรกบริหารช่องที่ 2 เป็นวันที่ 20
991,ห้องพยาบาล,กดรับ order ไม่ได้,ต้องมีคู่มือแนะนำ
992,ห้องพยาบาล,เตียง 3 นายประจักษ์ มีมุข พยาบาลแจ้งว่าเข้าไปรับคำสั่งยาไม่ได้ run ใบ Mar ไม่ได้,วันนี้ยังไม่ไ่ด้ addchat
993,ห้องพยาบาล,รายการที่ 1 ที่ว่า off ceftazidime แบบนี้รายงานยาจะถูก off อัตโนมัติ,รายการบันทึกเพิ่มเติมจะไม่ถูกoff อัตโนมัติค
994,ห้องพยาบาล,ทราบสาเหตุ ว่าเกิดจากอะไร,อัดวิดีโอแจ้ง ทีมเคยพบสาเหตุเบื้องต้นเกิดจากมีการส่งคำสั่งแพทย์ซ้ำ
995,ห้องพยาบาล,แบบฟอร์มนี้สามารถเพิ่มช่อง MAP,เดี๋ยวขอปรึกษาสักครู่นะ
996,ห้องพยาบาล,ยาpara ขึ้นไม่ตรงช่องPRN,ออเดอร์เป็นยาcon ไม่ใช่prnนะ
997,ห้องพยาบาล,ลบใบสั่งยาหน้านี้,คลิกเลือกรายการ
998,ห้องพยาบาล,เลขเตียงไม่ขึ้น,หน้าการทำงานนี้ยังไม่สมบูรณ์
999,ห้องพยาบาล,สั่งงอาหารใน neo แต่ใน hos XP ไม่มีรายการอาหารสั่ง,รายการสั่งอาหารใน Neo ระบบไม่ได้ลิงค์ไปที่ระบบเดิม
1000,ห้องพยาบาล,วันที่น่าจะผิด เป็นวันเดียวกัน คือวันที่22เมย.,สามารถแก้ไขในข้อมูลได้เลยนะ
1001,ห้องพยาบาล,ยาตัวนี้ถ้าจะ run ในใบmar เฉพาะ วันคี่,ระบบยังไม่สามารถแยกวันคู่ - คี่ ได้ แต่จะสามารถแยกวันเว้นวันได้
1002,ห้องพยาบาล,ลงเติมเลือด ได้ แ 3 า,สามารถเพิ่มรายการเติมเลือดใบใหม่ได้เลย
1003,ห้องพยาบาล,เคสนี้ออเดอร์ไม่เด้งมาห้องยา,ยานอกส่วนนี้ไม่แสดงที่ห้องยา หากทาง รพ.ต้องการให้แสดงที่ห้องยา ต้องเพิ่มตัวยาที่มี icode ยานอกและเพิ่มชื่อ ที่วิธีใช้
1004,ห้องพยาบาล,เชครายการยาห้องคลอด​ HN.131114 add chart​ แล้วไม่ขึ้นรายการยา​ ห้องยาไม่เห็น,ไม่มีรายการยา con
1005,ห้องพยาบาล,วิธีใช้ฟอร์ม Nursenote 15/ ตั้งาAdmin,แก้ไขเรียบร้อย
1006,ห้องพยาบาล,วิธีใช้ฟอร์ม Nursenote 16,แก้ไขเรียบร้อย
1007,ห้องพยาบาล,วิธีใช้ฟอร์ม CPR,แก้ไขเรียบร้อย
1008,ห้องพยาบาล,เภสัชเวลาบันทึกการให้คำแนะนำผู้ป่วยไป คือตอนนี้บันทึกหน้านี้ตะกี้ไปเจอตรงนี้ มันไม่ลิ้งค์กันใช่,ไม่ลิงค์กันนะเนื่องจากข้อมูลคนละรูปแบบกัน
1009,ห้องพยาบาล,อาการสำคัญไม่ตรงกับคนไข้,เคสนี้admitที่hosxpนะ vnที่ได้มาเป็นของคนละคน
1010,ห้องพยาบาล,ถ้าแพทย์ยกเลิกD/cพยาบาลaddchartไม่ได้ต้องทำยังไงอะ,สามารถaddยาได้แล้วนะ หากd/cผ่านhosยาทั้งหมดจะถูกoffและเมื่อยกเลิกd/cต้องยกเลิกoff
1011,ห้องพยาบาล,คนนี้ขึ้นเป็นตัวสีแดง,มีลงประวัติล่าสุด v/s 38 หากผู้ป่วย temp 38 ขึ้นไปในส่วนการลงข้อมูลที่ DTX รายชื่อผู้ป่วยจะเป็นสีแดง
1012,ห้องพยาบาล,จากมินิธัญญารักษ์ คนไข้ย้ายลงมามินิ สั่งยาสองรอบ พอadd chartยามาแรอบแรก,ยา 2 ใบนี้คู่กันนะ เป็นยา one day จะแสดง แ 24 ชม. ส่วนนี้จะเป็นยา con ที่มีการจ่ายอยู่ ตรงตามรายการยาที่มีการ add chart
1013,ห้องพยาบาล,กดรับคำสั่งแพทย์ ไม่ได้,มีหน้าที่ท่านอื่นเข้าใช้งานอยู่นะ User อื่นจะไม่สามารถเข้าใชงานได้
1014,ห้องพยาบาล,ยายังไม่ขึ้น,สั่งยาวันนี้จะต้อง Add chart พรุ่งนี้ยาถึงจะขึ้นนะ รายการยาที่สั่งวันนี้สามารถบริหารเวลาให้ยา เซ็นต์ให้ยาในใบ Mar ได้เลยนะ
1015,ห้องพยาบาล,กับ operation day,หากมีลงข้อมูลส่วนนี้จะแสดง operation
1016,ห้องพยาบาล,จุดดำที่ฟอมปรอท ระดับยอดมดลูกลงข้อมูลตรง,หากผู้ป่วยมีลงทะเบียนคลอดไว้จะแสดงแท๊บที่ลงข้อมูล ฟอร์มปรอทนะ
1017,ห้องพยาบาล,รายชื่อสีแดง หมายถึงอะไร,ลงประวัติล่าสุด v/s 38 หากผู้ป่วย temp 38 ขึ้นไปในส่วนการลงข้อมูลที่ DTX รายชื่อผู้ป่วยจะเป็นสีแดง
1018,ห้องพยาบาล,ผู้ Audit บาง case ไม่มีหัวข้อนี้ ไม่ทราบว่าผิดพลาดที่?,หากไม่มีการบันทึกฟอร์มนี้จะไม่มีรายการไปแสดงนะ
1019,ห้องพยาบาล,กรณีadmit ล่วงหน้าไว้ ลงorder ไม่ครบสามารถเข้าไปแก้ไข หรือต้องทำใหม่หมด,หากหน้าที่พยาบาลยังไม่ได้รับออเดอร์สามารถเพิ่มหรือแก้ไขออเดอร์ได้
1020,ห้องพยาบาล,อาจารย์ขา เรียน ว่าตัวหนังสือสีแดง หมายถึงอะไร,มีลงประวัติล่าสุด v/s 38 หากผู้ป่วย temp 38 ขึ้นไปในส่วนการลงข้อมูลที่ DTX รายชื่อผู้ป่วยจะเป็นสีแดง
1021,ห้องพยาบาล,พอดีเข้ามาดูแลผู้ป่วยด้านโภชนาการ แล้วเข้า NeoHos รหัส hosxp. แต่ไม่สามารถบันทึก progress note ได้ เพราะไม่มีชื่อให้บันทึก ชื่อ ปณิตา เชยวิจิตร์ นักโภชนาการ จะต้องทำอย่างไร ขอเพิ่มชื่อ,รีโมทแนะนำการใช้งานเบื้องต้น
1022,ห้องพยาบาล,ออร์โธ ไปกดโดนอะไรไม่รู้ ชื่อหายไปหมดเลย เหลือแต่ชื่อที่ขึ้นแถบแดง เอาชื้อคนไข้กลับมายังไง,ติดกรอง
1023,ห้องพยาบาล,ตรวจสอบเคสนี้ ใบMAR ไม่แสดง AN 680002107,เคสนี้สั่งเพียงยากลับบ้าน ใบ mar จะไม่แสดง
1024,ห้องพยาบาล,อันนี้เอาไว้ทำอะไรหรอ,หากมีเขียนใบออเดอรร์อยู่ แล้วเกิดเหตุไฟดับจะสามารถ รีใบเดิมที่เขียนอยู่กลับมา
1025,ห้องพยาบาล,ยา fluorometholone คีย์ไม่ขึ้น,จากการตรวจสอบพบรายการยาตัวนี้ access_level เป็น 3 จะต้องเป็นแพทย์เท่านั้น ถึงจะมีสิทธิการสั่งยาตัวนี้ได้
1026,ห้องพยาบาล,ไม่สามารถ remed ยาเดิมได้,แนะนำ
1027,ห้องพยาบาล,รายการยาซ้ำ สามารถลบออกได้จากที่,แนะนำ
1028,ห้องพยาบาล,รบกวยช่วยเชค คนไข้ AN680002106 พอดี มันมีorderคนอื่น ปนมา,มียกเลิก AN แต่ไม่ได้ทำการลบข้อมูล
1029,ห้องพยาบาล,HN 85242 นายประยงค์ มูลชนะ PE ของแพทย์เป็นข้อมูลผู้ป่วยคนอื่น แอทมินดู,แก้ไขเรียบร้อย มียกเลิก AN แต่ไม่ได้ทำการลบข้อมูล
1030,ห้องพยาบาล,ไม่สามารถ add chart ยาได้,"ใช้""รายการยาสำหรับส่งต่อคนไข้"""
1031,ห้องพยาบาล,add chart ไม่ได้,"ใช้""รายการยาสำหรับส่งต่อคนไข้"""
1032,ห้องพยาบาล,ออเดอร์ lab รับแล้วแต่ยังขึ้นแบบนี้,ไม่ได้เลือกชื่อlab
1033,ห้องพยาบาล,ถ้าจะดูประวัติAdmit ทั้งหมดที่เคย admit ดูตรง,แนะนำ
1034,ห้องพยาบาล,ระบบหน่วง,แก้ไขเรียบร้อย
1035,ห้องพยาบาล,สีเขียว รับ ออเดอร์หมดแล้ว ทำไง ถึงจะหายไป,"สัญลักษณ์ จะ Reset เที่ยงคืน และเที่ยงวัน 
หากมีการรับออเดอร์ ก่อนเที่ยง สัญลักษณ์จะหายเมื่อเวลา 12.00
หากรับออเดอร์หลังเที่ยง สัญลักษณ์จะหาย 00.00"
1036,ห้องพยาบาล,HN126162 ใบมาที่รันยาไว้ไม่ขึ้นเวลาตามที่รันไว้ในวันถัดมาเกิดจากอะไร,วันที่ 3 addchart มาจากระบบเดิมใช่
1037,ห้องพยาบาล,ปริ้นใบ mar ไม่ได้,เนื่องจากไม่มีรายการยา ทำให้ใบ mar.ไม่แสดง
1038,ห้องพยาบาล,ยกเลิก ไม่ได้แอดมิท,สามารถยกเลิกที่ระบบเดิมได้เลย
1039,ห้องพยาบาล,ช่วยดูตรงที่รูปถ่าย ออเดอร์ที่รับสมบูรณ์จะเป็นแบบ หรือทั้งสองแบบรับสมบูรณ์แล้วจะวิ่งมาที่ระบบห้องยาทั้งสองออดเดอร์,หากมีข้อมูลติ๊กถูกด้านหลังชื่อยา รายการจะวิ่งไปที่ห้องยาแล้ว
1040,ห้องพยาบาล,Order กำลังเด้งมาตอน 19:45 ทั้งที่รับแล้วตอน 19:28,อาจเกิดได้จากสัญญาณอินเทอร์เน็ตไม่เสถียรในช่วงเวลานั้น ทำให้ระบบแสดงผลหรือบันทึกข้อมูลได้ไม่สมบูรณ์ได้
1041,ห้องพยาบาล,"แพทย์orderวันนี้
รับorderแล้วยาไปแาดงวันที่ 5สค",หากเลือกรายการนี้อยู่ให้รับรายการนี้ก่อน
1042,ห้องพยาบาล,กรณีอยากให้เพิ่มการวางแผนจำหน่าย discharge plan จากเดิม DMETHOD เพิ่ม P (psychological)เข้ามา ออ เห็นแล้วอยู่ในหัวข้อ35 มีระบุไว้แล้ว มาก,"เนื่องจาก error นี้ อาจจะเกิดได้จาก
วันที่อยู่ในรูปแบบผิด 
ข้อมูลที่จำเป็นเป็น null หรือไม่ส่งเลย
ตัวอักษรพิเศษหรือภาษาไทยในช่องที่ไม่รองรับ"
1043,ห้องพยาบาล,ผู้ป่วย HN81316 นายนฤดล ปาละพงษ์ แพทย์ ไม่ทราบสามารถปริ้น order admitได้,มีสั่งรายการ Lab ไม่เลือกชื่อ Lab
1044,ห้องพยาบาล,คนไข้ กลับบ้าน ในฟรอทปรอท ไม่ขึ้น ส่าจำหน่ายโดยแพทย์อนุญาต ต้องแป็ไขตรง,แก้ไขเรียบร้อย
1045,ห้องพยาบาล,แอดมิน โทรคุย การรันยา จ่ายยาใบ mar มีปัญหา HN 116843 AN 1532 Triferdine ขึ้นว่า off 30/12/2442 แล้วก็ ยา stat 2 ตัวนี้ไม่ขึ้นใน view ยังเหลือ para ยังขึ้น เวลาให้ซ้ำอยู่,แก้ไขเรียบร้อย
1046,ห้องพยาบาล,"แพทย์ออเดอร์ วันที่ 10/8/68
รับออเดอร์ วันที่11/8/68
ตั้งเวลาให้ยาย้อนหลังเป็นวันที่ 10/8/68 แต่ไม่แสดงบนหน้าใบ mar 

แก้ไขให้แสดงหน้าใบ mar มีช่องวันที่10/8/68 ตามวันที่ที่ให้ยา",หากมีออเดอร์วันที่ 10 ทีมแนะนำให้รับออเดอร์วันที่ 10 เนื่องจากจะไม่สามารถจ่ายยาย้อนหลังได้
1047,ห้องพยาบาล,เคสนี้มีค่ายากลับบ้านไม่ขึ้นใน NeoHos แต่ใน HosXP มีรายการยาขึ้น,ทีมดึงข้อมูลจากฐานรพ. ยอดตรงกัน
1048,ห้องพยาบาล,เครื่องสแกนนิ้วใช้รุ่นอื่นได้หรือไม่,งไม่รองรับรุ่นอื่น รองรับเพียงรุ่นนี้
1049,ห้องพยาบาล,หมอให้ยาต่อ อยากยกเลิก off ยา,ยาวันเดย์ จะแสดงเพียง 24 ชม.
1050,ห้องพยาบาล,พอดีคุณหมอ มาเพิ่มลายเซ็นคนไข้ที่กลับบ้านไปแล้ว บันทึกได้ แต่เปิดดูอีกครั้งไม่ขึ้น,ประวัตส่วนนี้ เลือกประวัติ
1051,ห้องพยาบาล,หน่วยน้ำหนัก เป็นกรัม มีกิโลกร้ม,ส่วนนี้อ้างอิง จากหน้าลงข้อมูลเดิมยังไม่มีกิโลกรัมหน้าลงทะเบียนแอดมิด
1052,ห้องพยาบาล,"พอดีลงชื่อผู้ตรวจสอบผิด แก้ไข 
AN 680009683",ผู้ที่เซ็นให้ยาสามารถลบและเซ็นใหม่ได้
1053,ห้องพยาบาล,เคสนี้ x- ray ไม่ขึ้น,ยังไม่ได้รับออเดอร์ระ
1054,ห้องพยาบาล,"รบกวยปรึกษาได้ พอดีตอนนี้ยา one day ที่สั่งออกมามันจะตั้งไป off ในวันถัดไป
ตัวอย่างเช่นในภาพ 
นายมาวิน พริกเทศ 
15/8 แพทย์ oder 
Kcl elixir 30 ml q 4 hr x 4 dose 
วันนี้ 16/8 KCl ที่ขวดก็ยังตามมา
เราสามารถตั้งให้ยา one day off ในวันที่สั่งตอน 23.59 
เพราะ 16/8 นี้แพทย์ ยังไม่ได้ออเดอ kcl one day แต่มันติดมาจากของ 15/8",สามารถตั้งได้ เฉพาะห้องยาที่สามารถตั้งเวลาได้ โดยปกติยา one day จะแสดงครบ 24 ชม.
1055,ห้องพยาบาล,"จาก OR 
เราสามารถยิงชื่อผู้ป่วยผ่าตัด ล่วงหน้า 1 วัน เพื่อให้ชื่อเข้าระบบของห้องผ่าตัด ได้หรือเปล่า",ส่วนนี้จะสามารถ set ที่ admit ล่วงหน้าได้ ผู้ป่วยยังไม่ออก An หากรับผู้ป่วยออก An แล้วข้อมูลจะไปที่ห้องผ่าตัด
1056,ห้องพยาบาล,แก้ไขน้ำหนักผู้ป่วยได้ตรง,สามารถแก้ไขน้ำหนักที่ฟอร์มปรอทได้เลย
1057,ห้องพยาบาล,ดูยังไงว่าจุดเข้าค้างไว้ IPD รับ order ไม่ได้,ใช้เม้าส์ชี้ตรงปุ่มรับคำสั่งอพทย์จะขึ้นผู้ใช้งานที่เข้าค้างไว้อยู่
1058,ห้องพยาบาล,Admin แบบฟอร์มประเมินภาวะติดแอลกอฮอล์ชื่อแบบฟอร์มอะไร,"ตอนนี้มีพเพียง ฟอร์ม 
แบบประเมินพฤติกรรมการดื่มเครื่องดื่มแอลกอฮอล์ของผู้มารับบริการสุขภาพ"
1059,ห้องพยาบาล,คืออัลไลลล 680008620,มีลงให้เลือดไว้ที่ฟอร์มปรอท
1060,ห้องพยาบาล,Test ใบรับรองแพทย์ แล้วลบออกไม่ได้ ลบรายการนี้ออก,คลิกส่วนนี้ 1 ครั้ง ปุ่มลบรายการจะสามารถลบได้
1061,ห้องพยาบาล,กดยืนยันรับออเดอร์อาหารไปแค่มื้อละอันแล้ว ทำไมในใบเบิกยังขึ้น 2 อัน กรณีอาหารคนละเมนูกลัวจะสับสน ต้องทำยังไง,มีสั่งอาหาร 2 ครั้ง จะต้อง off อาหารก่อนสั่งใหม่
1062,ห้องพยาบาล,Add chart แล้วยา Cefazolin ไม่มา,มีลงให้ทุก4 วันไว้
1063,ห้องพยาบาล,ต้องkey เบิกเวชภัณฑ์ ใช้key word อะไร คีย์ไป มีราคา 6000 อัพ มันใช่อันนี้ไม๊,เนื่องจากส่วนนี้เป็นข้อมูลอ้างอิงจากฐานข้อมูลเดิม ทางทีมไม่ทราบว่าเป็นรายใด
1064,ห้องพยาบาล,"Case นี้ order acute abdomen
-Neo✔️
-Hos ✔️มีการคิดค่าใช้จ่ายแล้ว
-PAC. ไม่มี
แก้ยังงัย",ในฐานข้อมูล มีข้อมูลปกติแล้ว ทีมสามารถเช็คได้เพียงฐานข้อมูล
1065,ห้องพยาบาล,วันที่ 21 ห้องแลปไม่พบ order lab ward ที่ส่งตรวจแจ้งว่ารับ order ที่สั่งล่วงหน้า เลยสั่งแลปให้ใหม่วันนี้ ห้องแลปตรวจสอบพบ order แลปขึ้นผิดวันขึ้นเป็นวันที่ 21 (มะวาน),จากการตรวจสอบวันที่ 20/8 มีรายการสั่ง lab ล่วงหน้ามาวันที่ 21/8
1066,ห้องพยาบาล,ไม่สามารถสั่งอาหาร เป็น NPO ได้,แก้ไขเรียบร้อย
1067,ห้องพยาบาล,ตรงนี้ diag textยังใช้ไม่ได้ ใช่,ใช้ได้แล้ว
1068,ห้องพยาบาล,มีเคส หมอเข้าไปแก้ออเดอร์ยา แล้วหายไปทั้งออเดอร์เลย ไม่ขึ้นเอกสารออเดอร์ใดใดเลย,มีกดยกเลิกตำสั่งแพทย์
1069,ห้องพยาบาล,ยังไม่ได้,"ส่วนนี้ยังไม่มีลงข้อมูล สามารถใส่ลูกน้ำ "" , "" ได้ หากมีรายการมากกว่า 1 รายการ สามารถกด save ได้เลย"
1070,ห้องพยาบาล,"ทีม neo ถ้าแพทย์มี order ยา plan 3 day off
เริ่มสั่งยา 24/8/68 เภสัชตั้งหยุดใช้ยาล่วงหน้าไว้วันที่ 27/8/68 จะมีผลต่อ MAR ของพยาบาล",หากสั่งเป็น ยา con จะไม่มีผลต่อ MAR ของพยาบาล
1071,ห้องพยาบาล,case นี้ discharge แล้ว กดพิมพ์ ปรากฎว่า ออกมา แค่ หน้าเดียว ช่วยตรวจสอบ,เลือกประวัติแผ่นเดียว
1072,ห้องพยาบาล,เข้าไปเซ้นยาใบmar ไม่ได้ case นี้,แก้ไขเรียบร้อย
1073,ห้องพยาบาล,ยา Transmine order เป็น one day เริ่มให้ตอน 18.00 วันนี้จะเป็น dose 02.00 10.00 น. แต่ในระบบขึ้น off,รายการ one day จะ off วันถัดไปให้อัตโนมัติ
1074,ห้องพยาบาล,จาก4/4 มีคนไข้ ออเด้อร์ ค้าง ติด cติดD2ราย ช่วยแก้ให้ รับเด้อ ครบ หมดแล้ว พอดี มัน เป็น ออเด้อซ้ำ ลบแล้วไม่หาย,C กับ D ที่แสดง เป็นไอคอนแสดงประเภทคนไข้ มีการลงข้อมูลในเอกสาร 103
1075,ห้องพยาบาล,ระบบมีปัญหา save nurse noteไม่ได้,"ตัวเท่ากับ "" = "" เป็นอักษรปกติ"
1076,ห้องพยาบาล,แอดมิน ในใบยา ยา2 ตัว นี้ิมันโชว์ซ้ำกัน เป็นยาชนิดเดียวกัน,สามารถหยุดใช้ ได้ที่หน้า รายการยานอก
1077,ห้องพยาบาล,ตอนนี้ทางตึกพบปัญหาการคิดค่าใช้จ่ายในส่วนของค่าแลปจะคิดเป็น2รอบเจอหลายเคสแก้ปัญหาโดยให้ห้องยาช่วยลบค่าใช้จ่ายให้อยากทราบว่าเกิดจากอะไรและสามารถป้องกันการเกิดปัญหานี้อย่างไร,"TRx คือรายการที่โอนมาจาก OPD 
ATO คือรายการค่าใช้จ่ายอัตโนมัติ 
มีสั่งรายการที่ hosxp และมีคีย์สั่งซ้ำที่ neo"
1078,ห้องพยาบาล,Offยาตัวนี้จะสั่งอีกตัวไม่ยอมให้สั่ง,ส่วนนี้มีตั้งค่า ไว้ ส่วนนี้จะต้องประสานกับเจ้าหน้าที่เภสัช ว่าสามารถนำออกได้หรือไม่
1079,ห้องพยาบาล,มีคุณหมอถามว่า ตอนแอดมิด สามารถ แนบรูป เป็นการแนบรูปจากเครื่องจอประสาทตา ถ้าใช้ ต้องใช้่ฟังชั้่นผม,แจ้งทางพี่บาวให้แนะนำส่วนนี้ให้กับทางไอที
1080,ห้องพยาบาล,รับ order ไม่ได้ AN 680001553,แนะนำให้รับรายการยาแถบใดแถบหนึ่งก่อน แล้วกดบันทึกใบสั่งยา แล้วค่อยกดไปรับรายการยาแถบอื่นอีกครั้ง เนื่องจากระบบตอนนี้ป้องกันการกดรับยาทานในวอร์ดกับรับยากลับบ้านเข้าใบสั่งยาเดียวกัน จะต้องรับออเดอร์คนละใบสั่งยากัน
1081,ห้องพยาบาล,คนไข้ d/c แล้วสามารถบันทึกฟอร์มต่อ,สามารถติ๊ก ค้นหารายชื่อได้
1082,ห้องพยาบาล,แอดมินตรวจสอบ ในกรณีที่ลงเบิก BCG หรือยาตัวอื่นในHosXp แล้วจะลิ้งมาที่med profile แล้วยาจะเด้งไปที่MAR แต่ไม่เด้งไปที่ *MAR* ต้องทำยังไง หรือต้องลงในorder ยาของแพทย์เท่านั้น เพราะบางทีจะสั่งเป็น special/rotine,หากลงข้อมูลแล้วต้องมีลงเวลาที่หน้าการทำงานนี้เพิ่มเติม
1083,ห้องพยาบาล,เซฟ ข้อมูลซักประวัติของเด็กไม่ได้ ตึกกุมารชั้น 5 เอกสารชื่อเอกสารทางการพยาบาล แบบบันทึกประวัติและประเมินสมรรถนะผู้ป่วยเด็ก105 ดญ.สุชาวดี เรืองจิตต์,แก้ไขเรียบร้อย
1084,ห้องพยาบาล,แอดมินแก้ไขใบสั่งยาสีดำ,เคสนี้ตรวจสอบแล้ว พบว่าไม่ได้สั่ออเดอร์มาจากแพทย์
1085,"ห้องพยาบาล, Admit ล่วงหน้า",คนนี้หมอออเดอร์แล้ว แต่วอร์ดดูไม่ได้,ยังไม่ได้นำข้าข้อมูล
1086,"ห้องพยาบาล, Admit ล่วงหน้า",เพิ่มคำสั่งแพทย์หน้า Admit ล่วงหน้าไม่ได้,จะไม่สามารถออเดอร์หน้า Admit ล่วงหน้าได้แล้ว เนื่องจากผู้ป่วยเกิด AN แล้ว จะต้องไปออเดอร์ที่ผู้ป่วยใน
1087,"ห้องพยาบาล, Discharge Summary",ใบclinical summary ของแพทย์ ไม่ดึงHMมาให้ต้องคีย์เองหรือ,ต้องรับออเดอร์ยาก่อนนะ
1088,"ห้องพยาบาล, Discharge Summary",1หัตถการ มีรหัส icd-9 2รหัส ต้องบันทึกตรง,เพิ่มข้อมูล icd 9 แล้วกดเพิ่มที่ส่วนนี้ได้เลย
1089,"ห้องพยาบาล, โภชณาการ",* วิธีสั่งรายการอาหาร,ส่งคู่มือการใช้งาน
1090,"ห้องพยาบาล, ห้องทำงานแพทย์",ที่ใบ summary ไม่ขึ้นเลยสักเคส ที่แอดมิด นี่แก้ยังไง,ไม่พบการบันทึก
1091,"ห้องพยาบาล, ห้องทำงานแพทย์",Lab ล่วงหน้าไม่ขึ้น Pop up เหมือนแต่ก่อนแล้วหรอ บางทีแพทย์มาออเดอร์ทีหลัง ถ้าไม่เปิดเข้าดูก็ไม่รู้ บางเคสก็ loss ไม่ได้เจาะ,หากมีออเดอร์ล่วงหน้าจะแสดงหลอดสีส้ม
1092,"ห้องพยาบาล, ห้องทำงานแพทย์",อีกรอบorder หน้านี้คุณหมอเข้าไปoffไม่ได้,เนื่องจากเป็นรายการบันทึกเพิ่มเติมจะไม่สามารถ Off ได้
1093,"ห้องพยาบาล, ห้องทำงานแพทย์",ช่วยแก้ไขเวลาเป็น 11/09/2568 09:56:00,จากการตรวจสอบ พบมีการคีย์รายการยาสั่งเพิ่มเข้าไปในใบสั่ง Lab ล่วงหน้าของวันนี้ไป
1094,"ห้องพยาบาล, ห้องทำงานแพทย์",ถามทาง neo ถ้าแพทย์อีกท่านจะลงข้อมูล progress note เพิ่ม หรือแก้ไขของคนเดิมที่ลงไว้ สามารถทำ,ตั้งเปิดการแก้ไขเคส Discharge ไป
1095,"ห้องพยาบาล, ห้องทำงานแพทย์",ส่วนที่วง มีในระบบ แต่ไม่มีชื่อคนไข้ ลบออกไม่ได้จากห้องทำงานแพทย์,หาก an ไม่ได้ใช้สามารถยกเลิกที่ระบบเดิมได้เลย
1096,"ห้องพยาบาล, ห้องทำงานแพทย์",สามารถกด ไม่รับรคส. กรณี รคส.ผิดคน แล้วผู้รับรคส มีปุ่มให้กดไม่รับ หรือต้องแจ้งผู้พิมพ์รคส ทุกครั้ง,ส่วนนี้จะยังไม่มี ปุ่มให้กดไม่รับรคส. เนื่องจากหากเป็นการ รคส.ชื่อจะแสดงให้เลยเมื่อเป็นการ สั่ง รคส.
1097,"ห้องพยาบาล, ห้องทำงานแพทย์",เคสนี้ พยาบาลสั่ง order ยา รคส แพทย์ โดยสั่งผ่านระบบ order special หลังสั่งยา รายการยาที่สั่ง ไม่ขึ้นหน้า new order ของห้องจ่ายยา และน้องพยาบาล ไม่สามารถ print เอกสาร ใบ MAR ได้,รายการยาที่สั่งใน order special จะไม่ไปที่ห้องยา เนื่องจาก order special จะเป็นเพียงการ note ไว้เท่านั้น
1098,"ห้องพยาบาล, ห้องทำงานแพทย์",แอดมินเคสนี้รับ order แล่วแต่ทำไมหน้าจอยังขึ้นเครื่องหมาย + อยู่เลย,เนื่องจากไม่มีรายการ Lab ที่สั่งแสดงที่หน้านี้ ทำให้รายการ Lab เด้งให้รับออเดอร์ใหม่ สัญลักษ์ + จึงแสดงอยู่
1099,"ห้องพยาบาล, ห้องทำงานแพทย์",เรื่องการสั่ง Lab ล่วงหน้า เวลาซ้ำกัน,แนะนำ
1100,"ห้องพยาบาล, ห้องทำงานแพทย์",ถามเรื่องใบนัดอีกที QR code scanไม่ ปกติต้องเป็นระบบนัดตรวจออนำลน์ที่ขึ้นweb กับหัวข้อสิ่งที่ต้องปฏิบัติก่อนมาพบแพทย์ >>ไม่ขึ้นข้อความเลย,เช็คเบื้องต้นไม่พบข้อมูล Link ตรงส่วนนี้ ไอทีเพิ่มตรงส่วนนี้
1101,"ห้องพยาบาล, ห้องทำงานแพทย์",ลบข้อมูลนางบุญปลุก ออก 1 อันที ปกติอันนมันจะผูกตาม USER แพทย์ปะ พอดีเข้าไปไม่เห็นข้อมมูล,สามารถลบรายการออกจากตรงหน้า consult เลย เบื้องต้นทีมแก้ไขเรียบร้อย
1102,"ห้องพยาบาล, ห้องทำงานแพทย์",ไม่สามารถแนบเอกสาร ช่วยแก้ไข,ขอทราบขนาดไฟล์ AN ที่ต้องการแนบ หรือส่งไฟลืตัวอย่างให้ทีมทดสอบแนบเอกสาร
1103,"ห้องพยาบาล, ห้องทำงานแพทย์",ต้องการปิดแถบสีเหลืองมันเลื่อนปิดไม่ได้,กด Enter ได้เลย
1104,"ห้องพยาบาล, ห้องทำงานแพทย์",แพทย์สั่งเบิกอุปกรณ์ ผ่านออร์เดอร์ในระบบ แต่งานกายภาพเบิกใน hos ปกติ,ทีมแนะนำให้คุณหมอลง ออเดอร์ผ่าน order special เพื่อป้องกันออเดอร์ซ้ำ กายภาพสามารถคีย์ปกติได้เลย
1105,"ห้องพยาบาล, ห้องทำงานแพทย์","แพทย์ให้คำสั่งวันที่ 19/8/68
แต่พอรับคำสั่งแล้วไปอยู่ที่วันที่ 16/8/68และมีการร.ค.ศ. และรับคำสั่งเป็นแพทย์สองท่าน",มีการสั่งออเดอร์เข้าใบออเดอร์เดิม
1106,"ห้องพยาบาล, ห้องทำงานแพทย์",พอดีลงค่าใช่จ่าย รายการเวชภัณฑ์ มันไม่มี ET tube No 8 ถ้าอยากเพิ่ม E.T.TUBE No.8.0,ส่วนนี้จะต้องให้ไอที รพ.เพิ่มข้อมูลส่วนนี้ให้
1107,"ห้องพยาบาล, ห้องทำงานแพทย์, Discharge Summary",คือแพทย์เจ้าของไข้ต้องเข้าไปสรุปโรคก่อนหรอ,หากมีการสรุปจะแสดงข้อมูลที่สรุปไว้ แต่หากไม่บันทึกจะไม่แสดงที่เอกสาร
1108,"ห้องพยาบาล, ห้องผ่าตัด",ผู้ป่วย or วันที่ 6 สค แต่ไม่ขึ้น กากะบาทในฟอร์มปรอท ช่วยตรวจสอบอีกครั้ง ให้ห้องผ่าตัด Key แล้ว แต่ก็ยังไม่ขึ้นอัพเดทในฟอร์มปรอท,แก้ไขเรียบร้อย
1109,"ห้องพยาบาล, ห้องยาผู้ป่วยใน",กรณี สั่ง continu สามารถ กด stat,ส่วนนี้จะสามารถกดให้เป็น stat ได้ที่หน้าใบสั่งยา แต่จะกระทบกับหน้าใบออเดอร์คือไม่สามารถ off ยาที่หน้าใบ ออเดอร์ได้
1110,"ห้องพยาบาล, ห้องยาผู้ป่วยใน",เวลากดรับคำสั่งใช้ยานอกโรงพยาบาลแล้วไม่ไปที่ใบสั่งยา ต้องแก้ไขยังงัย ต้องนี้พี่แก้ไขโดยการคีย์เอาใหม่ในใบสั่งยา,รายการยานอกรพ.จะไม่ไปที่ห้องยา เนื่องจากไม่มี icode รายการยาจะแสดงในใบ Mar.
1111,"ห้องพยาบาล, ห้องยาผู้ป่วยใน",รบการให้ยา dose 23.30 19/9/68 นะ,user ที่เซ็นจ่ายยาจะสามารถลบที่ส่วนนี้ได้เลย
1112,"ห้องพยาบาล, ห้องยาผู้ป่วยใน",ยา continue เคสนี้ ดึงจำนวนจ่ายออกตาม จ่ายครั้งแรกมา,ส่วนนี้ดึงจากจำนวนเบิก - จ่ายที่หน้าใบสั่งยา
1113,"ห้องพยาบาล, ห้องยาผู้ป่วยใน",ไม่มีแบบฟอร์ม KCl inj. ให้เลือกบันทึกข้อมูล,ส่วนนี้ ทาง รพ. เป็นการสร้างฟอร์มเองนะ
1114,"ห้องพยาบาล, ห้องยาผู้ป่วยใน",Cef-3 ได้มีการคลิก off ไปแล้วตั้งแต่วันที่ 5 แต่ใน current profile ยังไม่ถูก off เมื่อสักครู่เลยกดออฟไปแล้ว สงสัยว่าระบบไม่ลิ้งค์กัน,เนื่องจากเลข id ของตัวยาในใบออเดอร์ กับหน้า current จะเป็นเลข id ของตัวยาคนละตัวกันนะ หากมีการกดบันทึกจ่ายยา F9 ที่ระบบเดิมของรพ.จะทำให้เลข id ของยาเปลี่ยนไ
1115,"ห้องพยาบาล, ห้องยาผู้ป่วยใน",ทีม neo ค่า lab ที่ see image log in เภสัชเข้าดู,ส่วนนี้หมายถึงผลที่เป็นภาพ ส่วนนี้จะยังไม่สามารถดูได้
1116,"ห้องพยาบาล, ห้องยาผู้ป่วยใน",ต้องเป็นห้องยาแก้,ทีมสามารถแก้ให้ได้ก่อน แต่รายการยาจะถูกaddchart ใบใหม่นะหรือจะแจ้งห้องยาลงข้อมูลส่วนนี้เป็น0 และaddchart ได้เช่นกัน
1117,"ห้องพยาบาล, ห้องยาผู้ป่วยใน",จาก ER. อาจารย์ อาจารย์ดู case นี้ ER ทำ admit เรียบร้อยปกติแต่ห้องยาแจ้งว่าข้อมูลไม่ไปห้องยา,รายการบันทึกเพิ่มเติมจะไม่แสดงที่ห้องยา
1118,"ห้องพยาบาล, ห้องเวชระเบียน",ใบ monitor ที่หน้านี้ พอดีหาใบ mews ไม่เจอค่ะ ไม่แน่ใจว่า updrate ให้ยังคะ,ส่วนนี้ทีมเปิดใช้งานเอกสารแล้วนะคะ รบกวนรีเฟรชทดสอบอีกครั้งนะคะ
1119,ห้องยาผู้ป่วยใน,ยา mr หาย,หากพบปัญหาดังกล่าวทีมขอรีโมทไปที่เครื่องใช้งาน ทีมจะต้องเช็คก่อนการแก้ไข เนื่องจากปัญหาที่ทีมเคยพบจะเกี่ยวกับการทำงานหน้าจอ ไม่รีเฟรชตาม an ที่เปลี่ยน
1120,ห้องยาผู้ป่วยใน,จำนวนจ่ายกับวันที่หายไปอีกแล้วค่า,แนะนำให้เคลียร์แคช Chrome
1121,ห้องยาผู้ป่วยใน,"สำหรับยาที่จำนวนจ่ายเป็น 0 
ทาง NEO ทำให้แสดงในนี้ 
เนื่องจากห้องยาต้องปริ้นสติ๊กเกอร์ยาบางรายการที่ตั้งค่าจ่ายยาเป็น 0",ปิดตั้งค่า
1122,ห้องยาผู้ป่วยใน,"เพิ่มเติมในส่วนนี้
การที่ยาขึ้น off เองในใบ MAR เกี่ยวข้องกับการที่ห้องยาไม่ได้ปริ้นฉลากยาใน Neo แต่ปริ้นฉลากยาใน Hosxp",เกี่ยวข้องกัน เนื่องจากพิมพ์ฉลากที่ระบบเดิมคือการบันทึกใบสั่งยา รายการสั่งยาตัวเดียวกันหากมีการแก้ไขในhosข้อมูลไอดีเลขcurrentสลับกัน
1123,ห้องยาผู้ป่วยใน,ถ้าจะดูประวัติคนไข้ที่ D/C ไปแล้ว ต้องเข้าจากตรง ห้องยา,"หน้า nurses station ติ๊กเลือกผู้ป่วยจำหน่ายแล้ว และค้นหา An,Hn เพื่อดูประวัติได้เลย หรือจะดูประวัติผ่านหน้า Discharge ได้"
1124,ห้องยาผู้ป่วยใน,หน้าลงบันทึกจัดยา ตั้งให้เลือก Lock order อัติโนมัติเลยได้ม้ย,ก่อนหน้านี้มีการตั้งค่า lock order ไว้แล้ว แต่เนื่องจากพบว่ามีผลกระทบกับการใช้งาน จึงจำเป็นต้องให้เจ้าหน้าที่กด lock ตนเอง หากส่วนนี้มีการ ติ๊ก Lock รายการ จะ Lock ไว้ให้เลย
1125,ห้องยาผู้ป่วยใน,"ถ้าแก้ได้ ฝากปรับแถบเมนู ""รายละเอียดผู้ป่วย"" ให้อยู่ลำดับ 2 ต่อจาก ""ลงบันทึกจัดยาผู้ป่วยใน"" เพราะเป็นเมนูที่ใช้บ่อย",ส่วนนี้จะยังไม่สามารถทำได้ หากมีการปรับแก้ไขอาจจะกระทบโครงสร้างหลักของระบบ
1126,ห้องยาผู้ป่วยใน,ตัวอย่างข้อมูลโน๊ตของคนไข้ที่ไม่ขึ้นในระบบ neo จากการที่ประชุมกัน ฝากเจ้าหน้าที่ดูจากpaper แทนนะ หรือถ้าเข้าไปดูในระบบ hosXp จะยังเห็นpop upส่วนคนไข้รายนี้จะมีประวัติยาทั้งที่อยู่กับเรา และได้รับการรักษาจากที่อื่น ในส่วนที่อยู่กับเราอาจจะไม่โชว์นะ แต่ในส่วนที่เป็นของโน๊ตน่าจะขึ้นให้ดูอยู่,เปิดตั้งค่าแจ้งเตือน
1127,ห้องยาผู้ป่วยใน,ยาไม่เข้ามา2รายการ,แก้ไขเรียบร้อย
1128,ห้องยาผู้ป่วยใน,"กรณีแพทย์สั่งยากลับบ้าน แต่รายการยามาไม่ครบ ตามรูป เกิดจากอะไรค่า 
*สั่งยากลับบ้าน* 1-8 ไม่แสดงรายการที่ห้องยา
*สั่งยา* 1 รายการ แสดงรายการที่ห้องยา",รายการส่วนนี้ยังไม่มีการรับออเดอร์ ทำให้รายการยาไม่แสดง หากมีการรับออเดอร์แล้วจะแสดงติ๊กถูกด้านหลังรายการ
1129,ห้องยาผู้ป่วยใน,เนื่องจากรันเดิมไม่ตรงตามเวลาเดิม อยากรันให้ตรงตามเวลา ถ้างั้นต้องผ่านใช่,สามารถรันเวลาได้ที่ current ได้เลย
1130,ห้องยาผู้ป่วยใน,ฝากตรวจสอบ นายมรกต HN 18394 พ.สั่งยาpara ห้องยารับorderแล้ว แต่ไม่ขึ้นในรายการMar,มีเลือกจ่ายวันถัดไป ทำให้รายการยาวันนี้ไม่แสดง
1131,ห้องยาผู้ป่วยใน,แอดมิน เคสนี้ มีคำสั่ง Type TRx สั่งใช้ยา kalimate แต่ทำไมในหน้าต่าง doctors order sheet ไม่มีสั่งใช้ kalimate,TRx คือ ยาที่โอนมาจากแผนก OPD
1132,ห้องยาผู้ป่วยใน,"📍ขออนุญาตแจ้งปัญหาจากห้องยา IPD 
1) ปัญหา : ใบสั่งยาที่สั่งผ่านระบบ NeoHos ให้มีคำกรองหรือสัญลักษณ์สื่อว่าสั่งผ่าน Neohos
▶️จากการใช้งาน : ยังไม่มีสัญลักษณ์ขึ้น ที่บ่งบอกว่าเป็นเคสที่คีย์ผ่าน NeoHos 
แต่เบื้องต้นใช้การกรองเคสจากการติ้กเลือก Neo
2) ปัญหา :คำสั่งที่แพทย์คีย์ใน NeoHos ถูกดึงเข้าใน current profile ทั้งหมด (ทั้งคำสั่ง Single (S) และ Continue (C)
▶️จากการใช้งาน : คำสั่ง Single (S) ยังถูกดึงเข้าไปใน current profile 
3) ปัญหา : ปรับสติกเกอร์ฉลากยาให้เป็นรูปแบบเดียวกันกับ HOSxP 
▶️จากการใช้งาน : รอปรับสติกเกอร์
4) ปัญหา : การแบ่งหน้าจอเป็น 2 หน้าจอ ให้ข้อมูลยัง link กัน เมื่อแยก Tab ใหม่
▶️จากการใช้งาน : ยังต้องเปิด Tab ใหม่ เมื่อเปิดอีก Order ในผู้ป่วยอีกราย
5) ปัญหา : แจ้งเตือนเวลามีออเดอร์ส่งมาห้องยา (Pop-up alert)
▶️จากการใช้งาน : ยังไม่มี alert เมื่อมีรายการยาที่ key ผ่าน NeoHos
6) ปัญหา : การ Add chart ใน NeoHos พบปัญหา
6.1ประเภทคำสั่งยาไม่เป็น BCH (ขึ้นเป็น IRx) ทำให้ข้อมูลไม่ส่งไป Robot 
6.2ยา Continue ใน current profile ที่เป็น 0 ถูกดึงออกมา
▶️จากการใช้งาน : เมื่อ Add chart ผ่าน NeoHos ขึ้นเป็น IRx
7) ปัญหา : กรณีรายการยาที่ต้องชำระเงิน (เดิมในระบบ HOSxP มีขึ้นโค้ดสีชมพู หรือมีสัญลักษณ์ $ ในสติกเกอร์) 
▶️จากการใช้งาน : รอปรับในระบบ และปรับสติกเกอร์",ในส่วนของการ add chart ผ่านของ Neo ที่ทางรพ.ต้องการให้แสดงเป็น BCH ทั้งหมด เนื่องจากห้องยาของทางรพ.ใช้ระบบการจัดยาเชื่อมกับ Bot ซึ่งต้องมีการเขียนเพิ่มให้ใช้เชื่อม BOT จ่ายยาเฉพาะ รพร.สระแก้ว เท่านั้น ในช่วงที่แพทย์ยังไม่ได้ใช้งานทั้งตึก ส่วนนี้ได้มีการประชุมซูมไปแล้วนั้น ซึ่งทางทีมพัฒนาของระบบ Neo จะต้องใช้ระยะเวลาในการพัฒนาประมาณ 2 สัปดาห์ โดยทาง Neo นัดหารือทีมไอที รพ. ในการเขียนเพิ่ม เพื่อแสดง BCH ในช่วงแพทย์ทดลองใช้ชั่วคราวเท่านั้น ในอนาคตทึ่แพทย์มีการใช้งานทุกท่าน ฟังก์ชั่นนี้จะไม่จำเป็นต้องใช้อีกต่อไป
1133,ห้องยาผู้ป่วยใน,รายการยาเดิม ใน MAR ไม่แสดงชื่อยา เลย,พบชื่อยาไม่แสดงที่วิธีใช้ กำหนดเอง ตรวจสอบอีกครั้ง
1134,ห้องยาผู้ป่วยใน,adminกรณีมีการบันทึกข้อมูลค่าใช้จ่ายไม่ถูกต้องเจ้าหน้าที่จะบันทึกข้อมูลใหม่แต่ไม่สามารถแก้ไขข้อมูลได้,ผู้ที่มีสิทธิ์ แก้ไข จะสามารถแก้ไขได้
1135,ห้องยาผู้ป่วยใน,-ในหน้าคำสั่งแพทย์ไม่มีจำนวนยาในรายการยากลับบ้าน,สามารถตั้งค่าได้
1136,ห้องยาผู้ป่วยใน,"ยาตัวเดียวกันแต่บริหารต่างกัน
เช่น Pennicillin G Na 5 mu/Vial
วิธีใช้ IV infusion 155,000 iu q 12 hr * 7 Day then q 8 hr * 3 Day
ติดปัญหา รันเวลาให้ยาคนไข้ไม่ได้",ส่วนนี้ทางทีมแนะนำเป็นออเดอร์ ครั้งแรก 7 วัน ครั้ง ที่ 2 3 วันจะค
1137,ห้องยาผู้ป่วยใน,-ต้องการ off ยา HAD แต่ระบบให้ใส่เวลาที่หยุดยา ตรงนี้ห้องยาไม่ทราบว่าพยาบาลจะเริ่มฉีดและหยุดตอน ห้องยาไม่รู้เวลาตั้ง off,ส่วนนี้กรณีไม่ต้องการลงเวลา จะสามารถ offยาที่ หน้า Current Profile ได้ จะเป็นการระบุวัน off หากมีการเพิ่มรายการยามาแล้วจะ แสดง ที่หน้า Current Profile
1138,ห้องยาผู้ป่วยใน,ทีม Neo ลบรายการยาซ้ำ,เนื่องจากเป็นใบ BCH สามารถลบรายการยาที่ใบสั่งยาได้เลย
1139,ห้องยาผู้ป่วยใน,"อีกนิด แล้วช่อง …. ครั้งแรก
ใช้เติมอะไร หรือ ข้ามไปได้เลย",ใส่จำนวนเดียวกันกับ ครั้งถัดไป ได้เลย หรือหากมีการจ่ายยาครั้งแรก จำนวนเท่าไหร่สามารถใส่ตามจำนวนที่จ่ายได้เลย
1140,ห้องยาผู้ป่วยใน,มีปัญหาว่า​ ผป.admit​ ที่​ ward​ 2​ชั้นบน​ เซ็นยาแล้ว​ ใช้ใบ​ *Mar* พอย้ายไป​ ward​ 1​ เพื่อรักษาต่อเนื่อง​ ซึ่งใช้​ ใบ​ Mar ไม่มี​* รายการยาที่ให้ไปแล้ว​ ward​ 1​ ไม่เห็น​ ช่วยแก้ไข,หากมีการใช้ใบ mar* แล้วจะต้องเซ็นที่ mar* เท่านั้น ไม่สามารถสลับไปใช้ใบ mar ได้
1141,ห้องยาผู้ป่วยใน,"ขออนุญาต
คนไข้คนนี้หมอสั่งยากลับบ้านไว้ตั้งแต่เมื่อวาน แต่คนไข้ได้กลับบ้านวันนี้ เภสัชต้องไปบันทึกจ่ายยาตรง",ต้องเลือกราบการเป็นวันที่ 8 เนื่องจากรับออเดอร์วันที่ 8
1142,ห้องยาผู้ป่วยใน,หลังอัพเดทระบบ ในหน้า med profile ตัวปุ่มมันซ้อนกับยา,แนะนำ
1143,ห้องยาผู้ป่วยใน,"ตอนนี้ห้องยาเจอปัญหาคือ 
เมื่อมี order ยาเพิ่ม ยาที่ cont อยู่เดิมและยาที่เคยจ่ายไปแล้วจะขึ้นมาพร้อม order เพิ่ม เช็คใน hosxp เจอว่ามี order ที่มีอยู่แล้วซ้ำสองรอบ ต้องไล่ลบ order ที่ซ้ำ
ปัญหานี้เกิดจากขั้นตอนได้บ้าง","มีสั่งยาทั้ง 2 ระบบ หากมีสั่งที่ hosxp แล้วต้องไม่สั่งที่ neo 
แต่หากอยากให้แสดงหน้าใบออเดอร์ จะต้องลงเป็นรายการบันทึกเพิ่มเติมรายการจะไม่ซ้ำแต่กรณีนี้จะไม่สามารถ off ยาผ่านหน้าใบออเดอร์neo ได้"
1144,ห้องยาผู้ป่วยใน,"ใน profile sheet ขึ้นเป็น 0 แต่ในใบสั่งยาวันนั้นกับ hosp ขึ้นเป็น 6 สี่รายการ diazepam,risperidone,amoxicillin,penicillin G",หากมีการแก้ไขจำนวน เบิก หรือ จ่าย ที่หน้าห้องยารายการจะบันทึกไปที่หน้า profile sheet ด้วย
1145,ห้องยาผู้ป่วยใน,ช่วยดู กดดูคำสั่งแพทย์ในหน้าห้องยาแล้วไม่ขึ้น,ที่เครื่องใช้งานมีเคลียร์แคช google
1146,ห้องยาผู้ป่วยใน,เคสคุณดวงนภา โคตมูล กับคุณฤทธิ์ ภูจ่าพล กดบันทึกแล้วแต่รายชื่อยังไม่ไปจุดจ่ายยาค่ะ,บันทึกตรวจสอบยาส่วนนี้แล้วใช่ไหมคะ
1147,ห้องยาผู้ป่วยใน,อาจารย์คะพอดีอยากได้ Pop Up เสียงเวลายาด่วนเสร็จแล้วค่ะเหมือนแอดมิดใหม่,ส่วนนี้จะยังไม่สามารถเพิ่มได้นะคะ
1148,ห้องยาผู้ป่วยใน,ติดตามส่วนของห้องยา ยังทำงานไม่ได้ปกติเหมือนเดิมค่ะ ทำงานได้ช้ามากเสี่ยงต่อการร้องเรียนระยะเวลารอคอย การ off ยาบางรายการ ทำไม่ได้ ไม่ขึ้น on off ให้ค่ะ ทำให้ต้องกลับไป off ในระบบเดิมค่ะ,ตอนนี้กำลังอยู่ระหว่างทดสอบระบบค่ะ หากทดสอบแล้วไม่ติดปัญหาในส่วนอื่นๆทางทีมจะรีบอัปเดทระบบให้นะคะ ขออภัยในความไม่สะดวกค่ะ
1149,ห้องยาผู้ป่วยใน,ขึ้นว่า add chart ไม่ได้ แต่ใน profile มีรายการยาครับ ผป admit เวรบ่ายเมื่อคืนครับ ER ไม่ได้กดบันทึก ใช่ไหมครับ ถ้าขึ้นแบบนี้,ได้แล้วครับ ลบใบสั่งนี้ทิ้งไปแล้วครับ มีายการยาที ่er คีย์ใน Trx ครบหมดแล้ว
1150,ห้องยาผู้ป่วยใน,สอบถาม neoรายการ C สีแดงคืออะไรคะ ใช่ stat มั้ยคะ แต่รายการไม่ off พอดีรายการที่ 10กับ12 ซ้ำกับรายการที่ 5กับ8,แปลว่า เป็นสีแดงเพราะเป็น stat แต่ไม่เกี่ยวกับ DUE
1151,ห้องยาผู้ป่วยใน,รบกวนสอบถามค่ะ สงสัยว่า ทำไมมีชื่อ off ยา โดยที่ไม่ได้กด off ค่ะ,เจ้าหน้าที่ได้มีการ off ที่ห้องยาไหมคะ หรือมีการ log in ค้างไว้ไหมคะ
1152,ห้องยาผู้ป่วยใน,สอบถามเรื่องวิธีใช้ยาไม่ตรง,แนะนำการใช้งาน
1153,ห้องยาผู้ป่วยใน,ยาไม่เข้า​ Hosxp ค่ะ 14 เข้าบางตัว 15 ยาไม่เข้าเลย,"จากการตรวจสอบ an นี้ วันที่ 14,15 ยังไม่มีรายการสั่งยามานะคะ"
1154,ห้องยาผู้ป่วยใน,สอบถามแอดมินครับ มีปุ่มพิมพ์ MR ไหมครับ หรือวิธีพิมพ์ MR จาก neohos ครับ,รอรีโมทที่เครื่อง
1155,ห้องยาผู้ป่วยใน,"จากรูป ข้อความสีนำเงินกับสีดำ ต่างกันยังไงบ้างครับ","สีดำ คือ รายการที่ addchart และเพิ่มขึ้นเอง ถ้าหากพยาบาล รับออเดอร์หรือ addchartเข้าใบเดิม จะทำให้ออเดอร์นั้นเป็น สีน้ำเงิน
สีแดง คือ รายการยา STAT
สีน้ำเงิน คือ รายการยาที่สั่งมาจากใบออเดอร์ ในระบบ Neo ค่ะ"
1156,ห้องยาผู้ป่วยใน,เคสนี้ d/c แล้วแต่มียาบางตัวเพิ่มเติมต้องรับ รคส.แพทย์ต้องทำงัยคะ,ให้พี่โด่งแนะนำ
1157,ห้องยาผู้ป่วยใน,สอบถามค่ะ ยา warfarin มีการตั้งค่าให้ออกวันจันทร์-ศุกร์ แต่วันนี้ add chart ยาออกมาค่ะ รบกวนตรวจสอบให้ได้ไหมคะ,หน้านี่ของพยาบาลจ่ายยาใบมาค่ะ ไม่ลิ้งค์กันนะคะ
1158,ห้องยาผู้ป่วยใน,ขออนุญาต สอบถาม ค่ะ กรณี บันทึกโน๊ต ตรงนี้ แล้ว ข้อความจะขึ้นเตือนหน้าไหนคะ,ส่วนนี้จะไม่แจ้งเตือนนะคะ จะต้องกดที่ Note เพื่ออ่านรายการค่ะ ส่งแก้ เพิ่มสัญลีกษณ์
1159,ห้องยาผู้ป่วยใน,ขอเพิ่มฟอร์ม due,เอกสารนี้สามารถ สร้างฟอร์มได้เลยนะ
1160,ห้องยาผู้ป่วยใน,Admin ช่วยตรวจสอบ เคสนี้ด้วย add chart แล้วยาขึ้นซ้ำ ตั้งแต่ลำดับที่11-38 ซ้ำ ยา 2 รายการ วนไป,แก้ไขเรียบร้อย
1161,ห้องยาผู้ป่วยใน,รบกวนแอดมินค่ะ เคสนี้มี lora 2 วิธี แต่ใน current ขึ้น 1*1 เหมือนกัน addchart มาจึงซ้ำกันค่ะ,จากการตรวจสอบมีการแก้ไขวิธีใช้ยานะคะ
1162,ห้องยาผู้ป่วยใน,รหัสยาไม่ตรงกันค่ะ ของneoไม่มี 6×7,มีข้อมูล
1163,ห้องยาผู้ป่วยใน,รบกวนสอบถามว่าตอนนี้ neo สามารถเก็บ report การทำ MR ได้หรือยังคะ,ตอนนี้ยังไม่สามารถเก็บ report ได้นะคะ
1164,ห้องยาผู้ป่วยใน,ห้องยาจะสามารถใช้ได้ปกติ ตอนไหนคะ 🥺 สามารถเร่งให้ในสัปดาห์นี้ได้มั้ยคะ คนไข้เริ่มเยอะแล้วค่ะ,ขณะนี้หากทำการอัปเดตระบบอาจส่งผลให้การทำงานโดยรวมช้าลง เนื่องจากทีมกำลังเร่งแก้ไขปัญหาที่ส่วนของห้องยาอยู่ค่ะ ขออภัยในความไม่สะดวกค่ะ
1165,ห้องยาผู้ป่วยใน,กดทำงานแล้วเป็นแบบนี้,รบกวนกดปุ่ม Ctrl+F5 Refresh Chrome โดยปกติหากเป็นเวอร์ชั่นปัจจุบันแล้วจะมีเลขเวอร์ชั่นตามที่ทีมอัปเดตแจ้งค่ะ
1166,ห้องยาผู้ป่วยใน,stickerยา จากรายการยานอก dose ยา หรือวิธีการใช้ยา ถึงไม่ตรงกัน,ในส่วนของยานอกรพ. ของระบบ Neo ยังไม่สามารถพิมพ์สติกเกอร์
1167,ห้องยาผู้ป่วยใน,วิธี add chart จากที่ตึก ช่วยบอกวิธี ห้องยาจะลองคุยกับตึก stroke ให้ลองทำก่อนที่ตึกอื่นจะขึ้น paperless,ส่งคู่มือ
1168,ห้องยาผู้ป่วยใน,พอดีเคสนี้แพทย์สั่งใช้ mgso4 3 วัน จะครบวันนี้แต่ยาไม่ออกมาพร้อมกับยาประจำวันตัวอื่น สามารถแก้ไขยังไงบ้าง,ยาวันเดย์ จะแสดง เพียง 24 ชม.นะเช่นสั่ง 18 10.00 ก็จะ off วันที่ 19 เวลา 10.00 แนะนำออเดอรร์วันนี้ เพิ่มเติมนะ
1169,ห้องยาผู้ป่วยใน,เคสนี้มี home med คุณพยาบาลยัง add chart ปลว่าไม่เกี่ยวกับว่ามี home med หรือไม่ แต่เป็นว่าที่ตึกทำจำหน่ายหรือยังใช่คพอดีที่แรกประสานตึกว่าหากคุณหมอราวน์ครบให้ add chart มา แปลว่าถ้าให้ครบถ้วนจริงๆต้องเป็นทำหลังตึกทำจำหน่ายเรียบร้อยนะะ,ผู้ป่วยยังไม่จำหน่าย มีaddchart ทั้งตึกมานะ
1170,ห้องยาผู้ป่วยใน,Plasil มีแต่แบบ TAB ใช่เปล่า ขนาด 10 mg,ส่่วนนี้ระบบดึงจากฐานของรพ.
1171,ห้องยาผู้ป่วยใน,พอดีเคสนี้เภสัช detect ได้ว่าคนไข้แพ้ยา clinda (เนื่องจากเป็นคนประเมินแพ้ยาและปกติเคส d/c จะมีการปริ๊นท์สติกเกอร์ยาในผู้ป่วย D/C จาก hos-xp เลยมีข้อมูลแพ้ยาโชว์ แต่สติกเกอร์จาก neohos ยังไม่โชว์ข้อมูล),ปรับแพ้ยาเพิ่มแล้ว
1172,ห้องยาผู้ป่วยใน,เขียน Note แล้ว จะแสดงข้อความขึ้นตรง,รายการนี้จะเก็บเป็นประวัติไว้ ไม่แสดงข้อความหรือแจ้งเตือน
1173,ห้องยาผู้ป่วยใน,ในระบบมีใบเซ็นต์รับศพ,ทาง neo ยังไม่มีเอกสารส่วนนี้
1174,ห้องยาผู้ป่วยใน,เป็นยา oneday ให้dose เดียว แต่ยังขึ้นของวันที่13,ยา one day จะแสดงครบ 24 ชม.
1175,ห้องยาผู้ป่วยใน,"แจ้งปัญหา
คำสั่ง Review Treament
ยาที่แพทย์สั่งใช้ต่อ (ฝั่ง Cont) ไม่เข้ามาหน้ารายละเอียดใบสั่งยา",Review Treament เป็นเพียงการตรวจสอบรายการยาที่ผู้ป่วยได้รับ จะไม่แสดงบนใบรายละเอียดการสั่งยา รายการยาจะแสดงเมื่อมีการ addchart
1176,ห้องยาผู้ป่วยใน,ตรวจสอบเคสนี้ คำสั่งใช้ยาไม่ตรงกับ order แพทย์,มีการแก้ไขวิธีใช้ยา
1177,ห้องยาผู้ป่วยใน,จากห้องยา พอดีเราจ่ายยาแล้ว อยากจะมาลง บริบาลทางเภสัชกรรม ย้อนหลัง แต่มันไม่มีปุ่มให้ลงเหมือนของหน้าnew order สามารถลงย้อนหลังได้ทาง,หากจ่ายยาไปแล้วไม่สามารถลงย้อนหลังได้
1178,ห้องยาผู้ป่วยใน,Order d/c ไม่ส่งมาห้องยา 680000668,รายการสั่งยายังไม่รับออเดอร์นะ
1179,ห้องยาผู้ป่วยใน,เคสนี้ไม่โผล่ใน new order สั่งยาประมาณตอน 11 โมงครึ่ง มาช่วงบ่ายพบอีกทีอยู่ในช่องจ่ายยาแล้ว หน้าที่ที่จัดยายืนยันว่าไม่เห็นชื่อคนไข้รายนี้,จากการตรวจสอบข้อมูลที่ฐาน user นี้เป็นผู้จัดยาและตรวจสอบยา
1180,ห้องยาผู้ป่วยใน,รายการยา continue มาริษาไม่ off ยา อยากรู้ว่าเกิดจากอะไร วันที่ off ยาเป็นวันที่ 22/3/68 แต่วันนี้เพิ่งจะวันที่ 16 เจอหลายเคสแล้ว ไม่แน่ใจว่าเกิดจากอะๆร ห้องยาไปกดตรง จะระวัง,ต้องหาสาเหตุการ Off เพิ่มเติม เช็ค Log ยังไม่
1181,ห้องยาผู้ป่วยใน,ขอทางหน้าที่ 🅘🅒🅔~🅘🅒🅔_2495 หนูเป็นเภสัชกรผู้อยู่เวรวันที่ 15 นะ วันนั้นหนูทำการกดรับออเดอร์ กดยืนยันการจัดยา และยืนยันการจ่ายยา กระบวนการดังกล่าวทำให้ออเดอร์ล็อกหรือไม่ ไม่กดอย่างอื่นนอกจากที่กล่าวไปเลย,หากติ๊กปุ่มนี้ไว้คือการล๊อคใบสั่งยาแล้วนะ
1182,ห้องยาผู้ป่วยใน,คนไข้ที่กด save allไปแล้ว. แต่ลืมพิมพ์ใบสั่งยา สามารถกดสั่งใบสั่งยาเพิ่มเติมจากช่องทาง ในหน้าช่องจ่ายยามีแต่ให้สั่งพิมพ์สติ๊กเกอร์ไม่มีช่องให้สั่งพิมพ์ใบสั่งยาเลย,แนะนำสั่งพิมพ์ใบสั่งยาย้อนหล้งที่หน้า Medication Profile
1183,ห้องยาผู้ป่วยใน,ทางneohos ตัดยาone day ที่เวลาเที่ยงคืน หรือตัดตามเวร(8.00),หากรับออเดอร์เวลา 08.00 ก็จะ ตัด เวลา 08.00 ของอีกวัน 24 ชม.
1184,ห้องยาผู้ป่วยใน,"เพิ่มเติม แนนรวม a,b,c,d ที่โชว์อยู่หน้าต่างแรก จะแสดงประเภทที่พยาบาลประเมินครั้งแรก ตอนแรกรับหรือ update ในทุกๆ เวรตามที่พยาบาลประเมิน และหากเวลาเราจะดึงข้อมูล มาดูเป็นภาพรวมของแต่ละเดือน ว่า จำนวนยอดผู้ป่วยทั้งเดือนเท่าไหร่ และประเภทคนไข้รวม ประเภท เดือนนี้ a,b,c,d,e กี่เคส สามารถทำ",แนนรวมจะแสดงครั้งล่าสุดของการประเมิน ส่วนเรื่องรายงานประเภทคนไข้ตอนนี้ยังไม่สามารถสรุป ยังไม่มีรายงานในส่วนนี้ ทางทีมต้องขอเก็บมาพัฒนาเพิ่มเติมให้
1185,ห้องยาผู้ป่วยใน,ห้องคลอดแจ้งว่ามีเวชภัณฑ์สายสวนเบอร์ 16 แต่หน้าจอคอมห้องยาไม่มีข้อมูลเหล่านี้ขึ้น,รายการที่ไม่ใช่ยาจะไม่ถูกส่งไปจัดยาจะอยู่ที่หน้าเวชภัณฑ์มิใช่ยา
1186,ห้องยาผู้ป่วยใน,"แอดมินOrder no. 353635 กับ 353648
ของเคส วันนี ไชยโคตร ออเดอร์ยาซ้ำซ้อนกัน
แต่พอกดดูรายละเอียดสั่งแพทย์แล้วมีออเดอร์เดียวงง😅",353635 เป็นใบTRx เป็นรายการโอนมาจากopd
1187,ห้องยาผู้ป่วยใน,รายการยากลับบ้านของเตียง 13 นางสาวเกศรินช่างชุบ พยาบาลกดรับออเดอร์แล้วแต่ว่าออเดอร์ไม่ขึ้นที่ห้องยา,มีรายการอยู่
1188,ห้องยาผู้ป่วยใน,ห้องยาไม่มีคนไข้กลับบ้านเตียง 13 กับเตียง 19 ขึ้นหน้าห้องยา,ติ้กแสดงรายการยาHMeรายการจะแสดง
1189,ห้องยาผู้ป่วยใน,"แอดมิน ออเดอร์ยาฉีด ที่ถูก off ไปแล้ว ยังขึ้นหน้าสั่งยา continue แต่ไล่ดูแล้วก็ไม่มีออเดอร์ซ้ำนะ
ตรวจสอบ",เพิ่มรายการยามานอกเหนือจากใบสั่งยาไม่มีจากออเดอร์แพทย์แต่เป็นการเพิ่มที่ใบสั่งยา ส่วนนี้ที่ทีมยังไม่พบคือเพิ่มจากใบสั่งยาแล้วมีการแก้ไขวันที่สั่งที่รายการหน้า current หรือไม่เป็นรายการเดียวที่ไม่ถูกเพิ่มจากใบออเดอร์ neo หน้าที่สามารุถลบรายการยาที่current เลย เพราะหากaddchart ยาจะมาแสดงอีก
1190,ห้องยาผู้ป่วยใน,แล้วห้องยาจะทราบยังไง ว่ารายการยาที่แพทย์สั่ง แต่ถูกลบไป(ทำให้ไม่ขึ้นในรายการจัดยา) แต่ยังแสดงใน doctor order sheet ว่ามีการออเดอร์ยานี้ สรุปจะสั่งใช้หรือไม่สั่ง ต้อง consult แพทย์เอาใช่คร้บ,ส่วนนี้ต้อง consult เพิ่มเติม เนื่องจากทีมดูเวลาที่รับบออเดอร์แล้ว รับเสร็จประมาณ 1 นาที ลบรายการยาออกจาาใบสั่งยานี้ เกรงว่าหน้าที่พยาบาลจะรับผิดออเดอร์หรือไม่
1191,ห้องยาผู้ป่วยใน,ในส่วนของห้องยา จะสามารถรีเชคยังไง ในกรณีแพทย์ออเดอร์ยาแล้ว แต่พยาบาลยังไม่รับออเดอร์ ทำให้รายการยาไม่มาวนส่วนจัดยาอะ,โดยปกติหากยังไม่รับออเดอร์จะไม่แสดงไปที่ห้องยาอยู่แล้วแต่ในกรณีที่พบคือรับบออเดอร์แล้ว ลบรายการที่รับออกจากใบสั่งยาห้องยาที่ล๊อคอินอยู่สามารถดูรายชื่อผู้ป่วยที่หน้าการทำงานนี้ะเนื่องจากหน้าการทำงานนี้จะแสดงแฟ้มสีน้ำเงินที่พยาบาลยังไม่รับบออเดอร์
1192,ห้องยาผู้ป่วยใน,เปิดแท๊บห้องผู้ป่วยใน,เปิดให้ห้องยา
1193,ห้องยาผู้ป่วยใน,"แอดมิน รายการยา pyrazinamide 500 mg ถูก off ใน doctors order sheet 
แต่ในรายการยา continue ยังมียาขึ้นมาอยู่
ผิดพลาดที่ตรง",มีรายการยา ที่คู่ใบออเดอร์ถูกoff ไปแล้ว แต่มีรายการยาที่มาจากระบบเดิมรันยาจ่ายอยู่
1194,ห้องยาผู้ป่วยใน,หน้าทำงานระบบห้องยา เอาติ๊กถูก ตรง lock order ออกได้ตั้งา default ไม่ต้องมีติ๊ก lock order,รายการใบสั่งยาที่ผ่านห้องยาแล้วต้องล๊อคนะเพิ่มไม่ให้แก้ไขรายการในใบนั้นๆระบบเลยดีฟอล์ตอ๊กนะ
1195,ห้องยาผู้ป่วยใน,All ตรงที่วงกลม ยังไม่ได้รับการแก้ไข ตรงบันทึกแก้ไขรายการ อยู่ใกล้กับ Lock Order ทำให้มีโอกาสกดโดน Lock order,ตามปัญหาเก่ากับทีที่ไปอบรมหน้างาน (ลูกค้าแจ้งว่าตอนนั้นที่มา รพ. บอกว่าจะแก้ไขให้โดยเอาปุ่มสีเขียว บันทึกแก้ไขรายการ นำขึ้นไปไว้ข้างบน )
1196,ห้องยาผู้ป่วยใน,หน้า นี้ถ้ามีการจ่ายยาไปแล้ว จะมีรายชื่อคนไข้เหลือ,หากมีการจ่ายยาแล้วชื่อคนไข้จะย้ายไปที่ จ่ายยาแล้ว
1197,ห้องยาผู้ป่วยใน,เติมเวลาที่ช่องสีเหลือง รึว่าช่องสีแดง ถึงจะลิงค์ใบmar,หากใช้ใบ mar V.2 เป็นการบริหารถายใน mar
1198,ห้องยาผู้ป่วยใน,"ห้องยาขอปรึกษาทีม Neo 
- เรื่องการปรับเปลี่ยนจำนวนยา continue
- การ OFF รายการยาที่ซ้ำกัน สามารถโทรปรึกษา",โทรคุย 30 นาที จะต้องอัพเดทเนื่องจาก ทาง รพได้ฟังก์ชั่น เมื่อแก้ไข จำนวนยาแล้วชื่อผู้ off เปลี่ยนที่หน้าใบออเดอร์ อีก1 เรื่อง คือมีการดูใบสั่งยาผิดใบทำให้เข้าใจว่า ระบบแก้ไขให้ผิดตัว
1199,ห้องยาผู้ป่วยใน,คอมห้องยาเปิดหน้านี้ไว้ 8 เครื่อง แล้วถ้ามีเครื่องที่กดบันทึกใบสั่งยา เครื่องอื่นที่ใช้งานอะไรต่างๆหน้านี้อยู่ จะหมุนๆไปพร้อมกับเครื่องที่กดบันทึกแก้ไขรายการ หรือบันทึกใบสั่งยา,ในส่วนหน้าการทำงานส่วนอื่นๆพบผลกระทบ หรือพบเฉพาะที่ห้องยา
1200,ห้องยาผู้ป่วยใน,สามารถเซ็นยาย้อนหลัง ของวันที่ 5 6,หากมีการสั่งยาไว้ ผู้ป่วยยังไม่ D/C สามารถเซ็นจ่ายยาย้อนหลังได้
1201,ห้องยาผู้ป่วยใน,ทีมทีม Neo ช่วยดู order นี้ทีนะ ห้องยากด ตรวจสอบใบสั่งยาไม่ได้ไม่ทราบสาเหตุ,รายการในสองใบสั่งนี้มีรายการถูกลบหลังจากตรวจสอบแล้ว ในระบบห้องยานี้โอไม่ถูกลบสถานะเลยค้างทีมแก้ไขให้แล้ว
1202,ห้องยาผู้ป่วยใน,"เพิ่มเติม ตอนนี้หลายตึกเกิดปัญหา add chart ไม่ได้ ไม่ทราบเกิดจากอะไรและมีวิธีแก้ไขหรือแนวทางให้ตึกดำเนินการให้เหมือนกันไม่ให้เกิดปัญหา

เพราะตอนนี้เมื่อพบว่า add bch ไม่ได้จะเป็นการ add รายบุคคลมา ประเภทของยาจะเปลี่ยนเป็น IRX ทำให้ห้องยาแยกกับ new order ไม่ได้",ใช้ฟังก์ชั่นรายการยาส่งต่อผู้ป่วย
1203,ห้องยาผู้ป่วยใน,ค่า ตรงนี้ตั้งให้มันไม่ติ๊กlock orderไว้ตั้งแต่แรก แบบถ้าอยากlock orderจะติ๊กใหม่เอง,ส่วนนี้จะเป็นการ lock order อัตโนมัติ แต่สามารถ ไม่ติ๊กได้
1204,ห้องยาผู้ป่วยใน,"neo ช่วยตรวจสอบ 
เคสนี้จ่ายยาไปแล้ว แต่ order เด้งกลับมาหน้า new order ไม่แน่ใจเกิดจากอะไร",หากมีเพิ่ม เป็นการเพิ่มหลังจากห้องยาสกรีนอออเดอร์ไปแล้ว ทำให้รายการยาที่ยังไม่ถูกสกรีนเด้งกลับมาหน้า new order
1205,ห้องยาผู้ป่วยใน,ตรงที่วงไว้ ทำให้ไม่ขึ้นหน้านี้ ปิดแจ้งเตือนห้องยา,รออัพเดท
1206,ห้องยาผู้ป่วยใน,"กรณีที่ต้องการบันทึกยาในรายการ ให้กินวันเว้นวัน สามารถตั้งค่าที่ตรงได้บ้างนะ
ออเดอคือ gabapentin 100 mg 1 เม็ดก่อนนอน วันเว้นวัน เพื่อให้สติกเกอออกแบบวันเว้นวัน ไม่ได้ออกทุกวัน (ปกติจะตั้งค่าใน hosxp ให้ออกทุก 2 วันได้)",สามารถเพิ่มข้อมูลส่วนนี้เป็น 2 ได้ จะเป็น ให้ทุกๆ 1 ครั้งต่อ 2 วัน หรือจะเลือกเป็นวันที่ให้แทนได้
1207,"ห้องยาผู้ป่วยใน, ห้องพยาบาล",กรณี ward ชายเป็นระบบ paperless ทั้งหมดแล้ว สามารถ add chart ทั้งตึก ได้เลย,ส่วนนี้จะขึ้นอยู่กับ โฟลวการทำงานและข้อตกลงของทางโรงพยาบาล
1208,"ห้องยาผู้ป่วยใน, ห้องพยาบาล",ใบสั่งยาเคสนี้ออกมาซ้ำ 2 ใบ,มีการ add เพิ่มเข้ามา
1209,"ห้องยาผู้ป่วยใน, ห้องพยาบาล",เช็คคนไข้คนนี้ รายการให้ยามันไม่ขึ้นในเวชระเบียนใบ mar น้ำเกลือที่รันเวลาไว้แล้ว ก็ถูกออฟแล้วไม่ขึ้นในเวชระเบียนเหมือนกัน,รายการน้ำเกลือรายการนี้ใช่ จากการตรวจสอบมีลงรายการ วันที่หยุด ไว้วันที่ 20/9 ทำให้รายการไม่มาแสดงวันที่ 21/9
1210,"ห้องยาผู้ป่วยใน, ห้องพยาบาล",รพ.ฮอด ข้อมูลยาใน neo ขึ้นปกติ แต่ใน profile sheet hosxp ไม่มีข้อมูล,รายการยาเข้าฐาน opitemrece ปกตินะ เราตรวจสอบได้แค่ว่าเข้าฐาน
1211,"ห้องยาผู้ป่วยใน, ห้องพยาบาล",จากสูติ นส ประนอม ยาไม่แสดงในใบmar,รายการนี้เป็นรายการยา one day มีรายการสั่งเข้ามาวันที่ 2 รายการยาจะแสดงเพียง 24 ชม. รายการมีการสั่งมาช่วง ตี 2.30 ของวันที่ 2 รายการยาจะแสดงถึง ตี 2.30 ของวันที่ 3
1212,"ห้องยาผู้ป่วยใน, ห้องพยาบาล",สองถามถ้าจะให้ทานยาเดิมจากรพ.อื่นแต่ทางรพ.นาแกไม่มี บันทึกแบบสั่งใช้ยานอกรพ. ห้องยาไม่เห็น order โดยตรง ต้องเปิดเข้าไปดูใน doctor order sheet ซึ่งถ้าไม่มีหารแจ้งล่วงหน้า จะไม่ทราบเลย ควรทำเช่นใดดี,หากต้องการให้ไปแสดงห้องยาส่วนนี้แนะนำเป็นการสร้าง icode ยานอก 1 ตัวยาเพื่อสั่ง ตัวอย่าง ยาที่มีการสร้าง จะเพิ่มชื่อชื่อยาที่วิธีใช้
1213,"ห้องยาผู้ป่วยใน, ห้องพยาบาล","ขออนุญาต
พอดีว่า ตรงใบ mar มุมบนขวา
เป็นวันที่ 19/08/68 แต่ตรงเซ็นยา มันขึ้นวันที่ 16/08/68",จะเป็นวันที่สั่งรายการยา
1214,ห้องเวชระเบียน,พิมยาไม่ได้,พิมพ์ได้ปกติ
1215,ห้องเวชระเบียน,เรื่องการลง ICD9 มีการลงข้อมูลแล้ว รหัสไม่มาแสดง,แนะนำ
1216,ห้องเวชระเบียน,ถ้าจะให้ Day after Operation ขึ้นในช่องว่า day ที่เท่าไรต้องกรอกข้อมูลตรง,หากเป็นรายการลงผ่าตัดศัลยกรรมกระดูก จะต้องลงข้อมูลในส่วนนี้ก่อน
1217,ห้องเวชระเบียน,จะสามารถแก้ไขอย่างไรที่ไม่ให้ข้อมูลค้าใช้จ่ายขึ้นautoเพราะมีผลต่อค่าใช้จ่ายของผู้ป่วยสิทธิชำระเงินเองและต้นทุนในการรักษา,เนื่องจากเป็นรายการ Auto จากระบบเดิมของทางรพ. ส่วนนี้ทางทีมจะไม่สามารถแก้ไขได้
1218,ห้องเวชระเบียน,ขออนุญาต แบบฟอร์มประเมินประเภทคนไข้ เป็นแบบฟอร์ม,หมายถึง เอกสารพยาบาลที่ 103
1219,ห้องเวชระเบียน,เอกสาร หมายเลข 8 พิมพ์กลับหัวมา,เครื่องวางไฟล์เอกสารไม่พิมพ์กลับหัว
1220,ห้องเวชระเบียน,"ตรวจสอบ
AN 000067370
ค่าห้องพิเศษ ขึ้นเป็นกี่วัน
เนื่องจากห้องการเงินเห็นไม่ตรงกัน",รายการค่าห้องแสดงเพียงเท่านี้
1221,ห้องเวชระเบียน,"กรณี ลงบันทึก DTX ในแบบบันทึก 
แล้วแพทย์มาราวน์ เอกสารต้องไปดูเอกสารได้ตรง",สามารถดูที่แฟ้มเวชระเบียนได้เลย
1222,ห้องเวชระเบียน,ถามจะเพิ่มitemเอกสารeent ได้อย่างไร,สามารถเพิ่มที่ ผู้ดูแลระบบ > ตั้งค่าเอกสารทางการพยาบาล > ตั้งค่าหมวดเอกสาร
1223,ห้องเวชระเบียน,ใบ consent ชื่อเเพทย์วิสัญญี รายเซ็นไม่ขึ้น,จากการตรวจสอบ แพทย์ยังไม่มีรายการนำเข้าลายเซ็นต์
1224,ห้องเวชระเบียน,ขึ้นไม่ครบ AN: 680001816,ข้อมูลดึงไปแสดงหน้า 2
1225,ห้องเวชระเบียน,ประวัติ cc PI ไม่ขึ้นขอดู,รายการมาแสดงปกติ
1226,ห้องเวชระเบียน,ใบ consent form ถ้าจะให้ช่วยเปิดปุ่ม Set template ให้ ในแต่ละหัวข้อ เพื่อให้สามารถกำหนด template การให้คำแนะนำรายโรค จะ,ส่วนนี้จะยังไม่สามารถเพิ่ม ปุ่ม Set template ได้
1227,ห้องเวชระเบียน,เรื่องการดึงแนน ADL ที่บันทึกใน Neo ให้เข้า Hosxp สามารถดึง,ตอนนี้จะยังไม่สามารถดึงได้
1228,ห้องเวชระเบียน,"กรณี เอกสารประเมินความเสี่ยงต่อการตกเตียงและพลัดตกหกล้ม และ แบบรายงานการเฝ้าระวังการติดเชื้อ 
สามารถดึงข้อมูลได้ แบบแต่ละระดับความเสี่ยง มีกี่ราย",ยังไม่สามารถดึงได้
1229,ห้องเวชระเบียน,ลงรอบถัดไป แล้วรอบก่อนหน้านี้จะหายไป เป็นทุกเคส,ในส่วนของขั้นตอนการลงข้อมูลส่วนนี้ บันทึกเป็นข้อมูลใหม่ หากบันทึกแก้ไขรายการจะบันทึกซ้อนกันเป็นข้อมูลล่าสุด
1230,ห้องเวชระเบียน,ทีม Neo เอกสารหมายเลย 28 ประเมิน AWS แผ่นที่2 ไม่สามารถเเก้สัญญาณชีพได้,ส่งแก้อยู่
1231,ห้องเวชระเบียน,ในใบ วางแผนการจำหน่าย ถ้าหากข้อที่ไม่ติ๊กปฏิบัติ เอาลายเซ็นต์ออก,ส่วนนี้ยังไม่สามารถนำลายเซ็นต์ออกได้ เนื่องจากหน้าการลงข้อมูลเป็นการดึงข้อมูลทั้งหมดมาแสดง
1232,ห้องเวชระเบียน,ขออนุญาต other consent หมายเลข 18 สามารถบันทึกเพิ่มเติม คนไข้มีเจาะท้อง ทุก 2 วัน,บันทึกเพิ่มเติมที่ส่วนนี้
1233,ห้องเวชระเบียน,ประเมินneuro signให้เข้าหน้าไหนนะคะ,เอกสารพยาบาลที่ 8 สามารถใช้ได้ไหมคะ
1234,ห้องเวชระเบียน,รบกวนลบ From ให้เลืด 101 ของนายศักดิ์ศรี หิรัญเศรษฐ์วัฒน์ HN 483744ค่ะ,สามารถลบใน form ได้เลยนะคะ ส่วนนี้ทีมแก้ไขเรียบร้อยค่ะ
1235,ห้องเวชระเบียน,"เอกสาร 355 ลงข้อมูลเสร็จ กด edit แล้ว view ดูข้อมูลไม่ขึ้นค่ะ 
ลงข้อมูลเสร็จ กด add new แล้ว กด edit/save new ขึ้นตามภาพ ค่ะ ให้คลิกตรงไหนบ้างคะ",แนะนำวิธีใช้
1236,ห้องเวชระเบียน,แบบ ประเมิน PEW ขึ้นระบบยังนะค่ะ,ส่วนนี้จะยังไม่ขึ้นระบบนะคะ เนื่องจากอยู่ระหว่างดำเนินการค่ะ
1237,ห้องเวชระเบียน,"ฟอร์มปรอทของ ward ญ 
ไม่โหลดเลยค่ะ 
ไม่แน่ใจเป็นที่ internet หรือ neohosp",ทีมสามารถเปิดฟอร์มปรอทที่เครื่องวางไฟล์ได้ปกติเลยนะคะ
1238,ห้องเวชระเบียน,เคสนี้v/s ขึ้นเฉพาะวันแรกค่ะ วันต่อๆไปไม่เห็น An 680001887 admit home ward,รายการแสดงปกตินะคะ
1239,ห้องเวชระเบียน,สอบถามคะ กรณีผู้ป่วยที่จำหน่ายแล้ว ตรงฟอร์มปรอท บางเคสก็ขึ้นจำหน่ายเวลา...และบางเคสไม่ขึ้นคะ,เลือก 1 รายการกด space bak ในช่องว่างๆให้ข้อมูลแสดง บันทึกแก้ไขค่ะ ข้อมูลจะอัปเดทเป็นข้อมูลปัจจุบันให้นะคะ
1240,ห้องเวชระเบียน,รบกวนถามอาจารย์ คะ ว่า เอกสารหมายเลข 3 มาได้ยังงัยคะ มีบางเคสคะ ทั้งๆที่ไม่ได้ประเมินคะ,จากการตรวจสอบมีรายการบันทึกข้อมูลนะคะ หากเอกสารยังไม่มีการบันทึกข้อมูลชื่อผู้บันทึกจะต้องเป็นชื่อที่ log in ค่ะ
1241,ห้องเวชระเบียน,"สอบถามคะ
กรณี แพทย์สรุปแล้ว
แต่เวลา DC ไม่ขึ้น","เลือก 1 รายการกด space bar ในช่องว่างๆให้ข้อมูลแสดง บันทึกแก้ไขค่ะ
"
1242,ห้องเวชระเบียน,ฝากเปลี่ยนวันเป็นวันที่10ค่ะ,จากการตรวจสอบส่วนนี้เอกสารบันทึกวันที่ปัจจุบัน ไม่สามารถแก้ไขข้อมูลได้ค่ะ
1243,ห้องเวชระเบียน,สอบถามเพิ่มครับ คนไข้คนนี้ผมจะสรุปชาร์ต แต่ดูประวัติไม่มี progress note ครับ,จากการตรวจสอบไม่มีรายการสั่งยาจากใบออเดอร์ neo ค่ะ
1244,ห้องเวชระเบียน,รบวนดู AN 680005602 ส่วน 100010 medical adminiistration record ขึ้น error,ไม่มีรายการยาเข้าที่ Mar ทำให้เอกสารไม่สามารถแสดงได้
1245,ห้องเวชระเบียน,และใบ Admission ตอนนี้จะเป็น 2 แผ่นตลอด (กระดาษเปล่า),อยู่ระหว่างแก้ไข
1246,ห้องเวชระเบียน,ขอติดตามปัญหาที่เคยแจ้งไว้แล้ว เรื่อง PE ที่ลายเซ็นแพทย์ยังอยู่ที่หน้า1 แต่แพทย์ทำPE 2 หน้า จะได้รับการแก้ไขเมื่อไหร่,ตอนนี้เอกสารอยู่ในคิวรอแก้ไขนะ
1247,ห้องเวชระเบียน,เคสนี้ข้อมูลข้างในไม่ครบ เปิดดูprogession noteไม่ได้,จากการตรวจสอบไม่มีรายการใบออเดอร์นะ ทำให้รายการ progress note ไม่มาแสดง
1248,ห้องเวชระเบียน,สอบถาม จะดาวน์โหลดชาร์ท ทำไมเอกสารอย่างอื่นไม่มาด้วย,จากการตรวจสอบยังไม่จัดเอกสารครบทุกหมวดนะ ทำให้เอกสารที่บันทึกไว้ไม่เข้าเวชระเบียนผู้ป่วยใน
1249,ห้องเวชระเบียน,สอบถาม วันที่และเวลา DC จะขึ้นตอนไหน เอกสาร 35,หากบันทึกเอกสารก่อน d/c เอกสารจะไม่แสดงวันที่จำหน่าย จะต้องไป Edit ที่เอกสารอีกครั้ง หากบันทึกเอกสารหลังการ d/c วันที่จำหน่ายจะแสดงปกติ
1250,ห้องเวชระเบียน,ใบDead หมู่ไม่มาค่ะ นามสกุลบิดา-มารดาในใบdead ไม่ต้องลิงค์มาได้ไหมคะ,ฐานข้อมูลรพ.มีลงข้อมูลไว้นะคะ
1251,ห้องเวชระเบียน,ตรงลายเซ็นต์แพทย์รบกวนไม่ต้องลิงค์มาได้ไหมคะ พอดีเอาไปยื่นราชการไม่ได้ค่ะ,ส่วนนี้จะลบอัตโนมัติไม่ได้นะคะ
1252,ห้องเวชระเบียน,ใบ MAR ดูไม่ได้,จากการตรวจสอบไม่มีรายการยา ทำให้ใบ mar ไม่สามารถแสดงเอกสารได้ค่ะ
1253,ห้องเวชระเบียน,อยากลบแบบฟอร์มนี้ ลบยังไงคะ,ลบตามขั้นตอนนี้ได้เลยนะคะ
1254,ห้องเวชระเบียน,ลบอันแรกในเอกสารแบบบันทึกการดูแลทารกแรกเกิดสุขภาพดี ที่47,ส่วนนี้มีการเข้าใช้งานอยู่
1255,ห้องเวชระเบียน,error หน้า แฟ้มเวชระเบียน,รีเฟรชอีกครั้ง เนื่องจากคอมรพ.ค้าง
1256,ห้องเวชระเบียน,เราสามารถ ทำให้ 317 มาอยู่ ต่อ 2,ขอเก็บข้อมูลเพื่อเป็นการพัฒนาระบบต่อไป
1257,ห้องเวชระเบียน,3.ฟอร์มงานจิตเวช มีอยู่แล้ว อยู่ในเอกสารการพยาบาล,**ส่วนนี้หมายถึงเอกสารไม่เข้าไป ที่หมวด ขอทราบหมายเลข เอกสารและหมวดเพื่อตรวจสอบ
1258,ห้องเวชระเบียน,adminแบบประเมินภาวะทุพโภชนาการคือใบในในระบบipd,เอกสารพยาบาลที่ 263 ใช้
1259,ห้องเวชระเบียน,AN 680000509 วิวใบ Mar ไม่,ไม่สั่งออเดอร์รายการยาจาก Neo
1260,ห้องเวชระเบียน,ดูในเวชระเบียร ข้อมูลใบ MARไม่แสดง,จากการตรวจสอบเคสนี้ไม่มีประวัติการสั่งยาที่กินในวอร์ด เลยทำให้ในแฟ้มเวชระเบียนไม่แสดง
1261,ห้องเวชระเบียน,ไม่ขึ้นหน้านี่เลย ที่สุ่มมาเป็นทุกเคสเลย,ส่วนนี้จะต้องหาข้อมูล HN
1262,ห้องเวชระเบียน,ใบคล้องเลือด มีใน neo,ส่วนนี้ยังไม่มีใน neo
1263,ห้องเวชระเบียน,พอดีจะDowloadไฟล์เวชระเบียนทั้งหมดส่งสปสช. หัวข้อ 10. Medication ไม่แน่ใจว่าแมพถูก แต่ตอนนี้ฟอร์มไม่ออกรายงานมาให้ ตรวจสอบ,เคสนี้จากการตรวจสอบไม่พบการสั่งยาในระบบนีโอ
1264,ห้องเวชระเบียน,ไม่มีปุ่ม save ให้กด,หากเป็นเอกสารนี้ edit คือการบันทึกเช่นกัน
1265,ห้องเวชระเบียน,พอดีเข้าไปโหลดเวชระเบียน ในส่วนของข้อมูล discharge - แฟ้มเวชระเบียน เคสอื่นได้ แต่เคสนี้ขึ้น error,ทีมทดสอบเปิดที่แฟ้มเวชระเบีนร สามารถเปิดได้ปกติ
1266,ห้องเวชระเบียน,วอร์ดใช้ใบนี้ แต่ค้นหาไม่เจอ ไปค้นที่ข้อมูลผ่าตัด พบเอกสารแต่ไม่สามารถเพิ่มหรือแก้ไขได้,หากมีลงข้อมูลรายการผ่าตัด เอกสารจะสามารถแก้ไขได้
1267,ห้องเวชระเบียน,ตรงใบ discharrge summaryมันไม่ขึ้นตรง วันที่dischareและเวลา และ length of stayก็ไม่ตรง,ใบนี้เป็นการบันทึกเอาไว้ก่อนวันที่d/cนะข้อมูลจะไม่ครบนะ
1268,ห้องเวชระเบียน,ใบ MAR eror,เคสนี้ไม่มีสั่งยา
1269,ห้องเวชระเบียน,ตรงนี้ เอา DRGs ออก เหลือไว้แแสดงา adjRW,ในส่วนนี้แบบที่ 8 จะเป็นรูปแบบของโรงพยาบาลแล้วที่จะมีาadjRWเพียงอย่างเดียว
1270,ห้องเวชระเบียน,หลังจากประเมินจำแนกประเภทผู้ป่วยแล้ว ระบบจะอัพเดตตอน อัพเดตทันทีหรือว่าเวรถัดไป ประเมินประเภท 4 แต่นะบบยังแจ้งเป็นประเภท 3 อยู่,ตรงประเภทผู้ป่วยจะดึงจากฟอร์มเอกสาร 103 มาแสดงผลให้
1271,ห้องเวชระเบียน,ตรวจสอบ คนไข้จำหน่ายแล้วเมื่อเดือนมีนาคม หน้าบันทึกทางการพยาบาล ไม่สามารถดูข้อมูล,ตรวจสอบแล้วขึ้นปกติ
1272,ห้องเวชระเบียน,แก้ไขเอา resolved ออก,มีติ๊กข้อมูลส่วนนี้ไป หากติ๊กจะทำให้แสดง
1273,ห้องเวชระเบียน,Refreshข้อมูลหน้าPEไม่ขึ้น,เคสนี้ไม่ได้กดบันทึก PE นะ
1274,ห้องเวชระเบียน,เอกสารทางการพยาบาลอื่นๆ ข้อที่ 70 และ 192 มีการลงบันทึกข้อมูลผิดพลาด ถ้าอยากจะยกเลิกเลิกแก้ไข สามารถเข้าดำเนินการได้ตรงที่หน้าต่างใน,เบื้องต้นทางทีมจะปิดเอกสารให้ก่อน ทางทีมจะส่งแก้ไขเพิ่มประวัติการบันทึกเพื่อที่จะสามารถลบได้ที่ หน้าระบบนะ
1275,ห้องเวชระเบียน,An 680002618 โหลดไฟล์ข้อ13 ไม่ได้,ลงรายละเอียดไม่ครบนะ
1276,ห้องเวชระเบียน,ดูนะ พอดีค่าห้องขึ้นเองโดยไม่ได้คีย์แต่พอคีย์ค่าใช้จ่ายค่าห้องจะเพิ่มขึ้นจากส่วนตรงนี้ทำมห้ค่าห้องไม่สอดคล้องกับจำนวนวันที่ผู้ป่วยนอนรพ,ข้อมูลค่าใช้จ่ายตรง ส่วนนี้ทีมดึงมาจากฐานข้อมูลรพ.
1277,ห้องเวชระเบียน,เอกสารส่วน PE/admission ของแพทย์ ข้อมูลมาไม่ครบ เหมือนจะมาแค่ 4-5 บรรทัด,หากไม่เคาะบรรทัด
1278,ห้องเวชระเบียน,วันที่ ตรงนี้สามารถย้อนหลัง,ส่วนนี้ไม่สามารถแก้ไขย้อนหลังได้
1279,ห้องเวชระเบียน,ผลlabไม่แสดงในใบสรุปเวชระเบียน,จากการตรวจสอบเนื่องจากไม่มีผล Lab ที่หน้าการสรุปรายการสั่งทำให้ไม่แสดงในใบสรุปเวชระเบียน ส่วนนี้ให้โปรแกรมเมอร์ตรวจสอบเพิ่มเติมให้
1280,"ห้องเวชระเบียน, ห้องพยาบาล",มาลอง เช็คข้อมูลแฟ้มเวชระเบียน หน้านี่คือ ไม่link ไม่ทราบว่าต้องคีย์จากฟอร์ม ถึงจะแสดงหน้านี่ ข้อมูลที่แสดงบางส่วน ก้อไม่ตรงกับจ้อมูลคนไข้ที่ คีย์ไป ฟอร์มนี้คือไม่คีย์ แต่ข้อมูลมาจาก และไม่ตรงกับข้อมูลที่คีย์ในการประเมินสมรรถนะแรกรับ อันนี้คือที่ไม่คีย์ ที่ระบบlinkมา และข้อมูลไม่ตรงความจริง ที่linkมาคือ ผิดปกติ หมดทุกช่อง แต่ที่คีย์ไป คือ ปกติ,"Q : ฟอร์มนี้รพ.ใช้ ถ้าไม่ใช้เดี๋ยวทีมจะขอปิดให้
A : ของานเวชระเบียน ก่อนน่ะ ว่าจำเป็นต้องใช่ป่าว"
1281,อาหาร,ปริ้นสติ๊กเกอร์อาหารสามารถกดเรียงเตียง เพราะตอนนี้มันข้ามเตียงไปมา เวลาเช็คยอดคนไข้ตาลายมาก เพราะตัวหนังสือในสติ๊กเกอร์เล็กมากๆ,ส่วนนี้จะยังไม่มีตัวกรองให้กดเรียงเตียง
1282,"อาหาร, ห้องพยาบาล","-อาหาร กับประเภทผู้ป่วยต้องลงตรงหรอถึงจะขึ้นตรงนี้
-ช่องอาหารลงตรง",หากมีการลงข้อมูลเอกสารทางการพยาบาล103 สถานะจะแสดง
1283,nan,จาก4/5 ค่ะ รบกวนลบ การเซ็นยาในช่องนี้ออกให้หน่อยค่ะพอดีเซ็นผิดที่ค่ะ ขอบคุณค่ะ🙏🙏🙏 คนไข้ชื่อ นางสมนึก เกิดมี ตอนนี้ย้ายไป 5/3 หูคอจมูกค่ะ,เลิกแว่นขยาย > กดเลือกรายการยาที่ต้องการแก้ไข > ลบเซ็นยาออก ( จะต้อง log in user ที่เซ็นผิด)
1284,nan,รบกวนตรวจสอบProgress note เคสนี้ให้หน่อยค่ะไม่แน่ใจว่าถูกลบไปหรือเปล่าคนไข้ยัง admit อยู่ค่ะ,จากการตรวจสอบที่ฐานข้อมูล ข้อมูล progress note ไม่มีการลงข้อมูลไว้นะคะ
1285,nan,อยากให้นำเข้า username จาก hospital so ครับ หรือต้องสร้าง username ใหม่ครับ,ทีมกดนำเข้าส่วนนี้ รบกวนตรวจสอบ ชื่อ user อีกครั้งนะคะ
1286,nan,สอบถามครับ รายการประเภท ATO คืออะไรครับ แล้วแก้ไขยังไงครับ,เป็นรายการที่โอนมาค่ะ ส่วนนี้จะต้องเป็นผู้มีสิทธิแก้ไขจะสามารถแก้ไขรายการได้ค่ะ
1287,nan,ขอสอบถามค่ะ ในส่วนของหมอสามารถดูสองหน้าต่างได้ไหมคะ,สามารถเปิดตั้งค่า เปิดใช้งานห้องแพทย์ 2 หน้า ได้ที่ผู้ดูแลระบบนะคะ
1288,nan,ตรวจสอบออเดอร์ ให้หน่อยค่ะพอดีมันไม่ขึ้นกด รับคำสั่งแพทย์,มีการยกเลิกใบออเดอร์ไปนะคะ เป็นใบรายการที่คู่กันกับใบสั่ง Lab ลาวงหน้าค่ะ
1289,nan,ยอดค่าใช้จ่ายไม่ถูกค่ะ,ส่วนนี้ข้อมูลถูกต้องแล้วนะคะ เนื่องจากข้อมูลมีผูกรหัสไว้ที่ 01 คิดเป็นค่าห้อง/ค่าอาหารค่ะ
1290,nan,หลังส่งคำสั่งแพทย์แล้ว ถ้าจะออกมันเด้งหน้าให้กดส่งคำสั่งใหม่ตลอดเลยค่ะ,หากส่งคำสั่งแพทย์แล้วสามารถกดสีแดงได้เลยนะคะ
1291,nan,สั่งlab ล่วงหน้ากดรับorderไปแล้ว ถ้าจะยกเลิกทำยังไงค่ะ,เข้า Medication Profile > สั่ง Lab ฬ เลือกไอคอนสีส้ม > ลบรายการได้เลยค่ะ
1292,nan,รบกวนลบออเดอร์นี้ออก เนื่องจากสั่งผิดประเภทค่ะ เภสัชรับยาไม่ได้ค่ะ,รายการบันทึกเพิ่มเติมสามารถยกเลิกคำสั่งแพทย์ได้เลยนะคะ
1293,nan,ถ้าจะปิดเอกสารติ๊กถูกตรงนี้ออกไป แบบนี้ถูกต้องไหมครับ,จะต้องไม่มีสัญลักษณ์ติ๊กถูกนะคะ เอกสารจะไม่แสดงค่ะ
1294,nan,แพทย์เจ้าของไข้ฝากถามว่า นายสุข ปงลังสี ถึงขึ้นมาที่หน้าของท่านคะ,เนื่องจากมีการลงข้อมูลเป็นแพทย์ผู้จำหน่ายไว้ค่ะ
1295,nan,ต้องกายกเลิก Order ต้องทำอย่างไรคะ 2 Order ค่ะ,หากยังไม่ได้รับออเดอร์สามารยกเลิกคำสั่งปพทย์ได้เลยนะคะ
1296,nan,รบกวนคือ admitted ให้หน่อยนะครับ,ส่วนนี้สามารถยกเลิกที่his เดิมได้เลยนะคะ
1297,nan,เขียนใบบออเดอร์ไม่,ต้องสั่งที่หน้าผู้ป่วยในนะ ยังค้างอยู่หน้า admit ล่วงหน้าอยู่
